,natoms,thickness,number,lgnum,energy,hform,ehull,minhessianeig,gap,gap_dir,gap_dir_nosoc,vbm,cbm,efermi,evac,evacdiff,emass_cbm,emass_vbm,gap_hse,gap_dir_hse,vbm_hse,cbm_hse,efermi_hse,gap_dir_gw,vbm_gw,cbm_gw,efermi_gw,dipz,alphax,alphay,alphaz,alphax_el,alphay_el,alphaz_el,alphax_lat,alphay_lat,alphaz_lat,plasmafrequency_x,plasmafrequency_y,dE_zx,dE_zy,E_B,gap_gw
natoms,1.0,0.6116564688753393,-0.32705893135036024,-0.3199513306259871,-0.43468248401444454,0.04236317228575523,-0.050022149061201844,0.03409366495689116,-0.13567905565901553,-0.1619212328282421,-0.19484777835094189,0.15805606650267542,0.026413611732727535,0.11263311248349815,0.2544175517498458,0.03248966990097222,-0.1423238957665483,0.07355152277980898,-0.1514241108254388,-0.1727396529196925,0.1534732501579156,0.003772100482755083,0.07755805514590129,-0.18003434694837142,0.1710078092716891,-0.022037418512637266,0.09467219517209043,0.040387699528146435,0.13592457182233827,0.2241553587845185,0.18574255380906285,0.3388048202086385,0.33867674478389087,0.2915773150289639,0.1336282057489843,0.21685558447819417,0.010134829912751912,0.11146810368710164,0.11146810368710162,-0.0064252478096298036,-0.0065029674170815404,-0.14217154914019853,-0.16044290564397012
thickness,0.6116564688753393,1.0,0.21890487510539827,0.21313044237495268,-0.0806524813427773,-0.007439953574711907,-0.1474631391053801,0.08318305592585701,-0.15694902576058928,-0.1620774866309367,-0.11298603262265476,0.14545602580844724,-0.0114769805924289,0.08391066855781162,0.5515072630991291,0.16935675467465247,0.01443917002056945,0.10934839513361319,-0.23514094824063406,-0.23712061904770773,0.21076051288655887,-0.03130194706101719,0.07182330605102258,-0.21182773093371324,0.1667693194613778,-0.1019639313673863,0.06775418346487691,0.19930348764557418,0.05809897649639234,0.0464034641261175,0.45212534429232276,0.3458483009463587,0.34314447165336875,0.5842276058397612,0.054841590065394984,0.032285676388322915,0.030616259865851935,0.09703623905446575,0.09703623905446576,-0.008495669614490798,-0.00867386445857814,-0.22734070525720634,-0.20424930925017398
number,-0.32705893135036024,0.21890487510539827,1.0,0.993225990771142,0.008442220211876066,-0.2839686392991468,0.13465850236345892,-0.13940946177796754,0.11694734087112464,0.13272582410936665,0.12191634901937214,-0.2129967170695044,-0.10908516726682785,-0.19233103189294995,0.18628013177716565,-0.03506835007387772,0.0778121169097893,0.1250947732252538,0.12786123063162014,0.13964204621021278,-0.1748246967514604,-0.06416816108201816,-0.12492488049589522,0.15809692434773626,-0.18714957536510574,-0.018482647094740613,-0.13408993691888174,-0.0411569626242435,-0.026605681945993394,-0.19423708470932977,0.13260892456114076,-0.035444856142637246,-0.044081482898528375,0.08397372987946611,-0.024883373891685337,-0.1901039124183407,0.11059098326462823,0.043458555074356975,0.043458555074356975,-0.00614781766767321,-0.0061552239799245075,0.15867538329732192,0.1502922977626384
lgnum,-0.3199513306259871,0.21313044237495268,0.993225990771142,1.0,0.012263919586248145,-0.2801636098441506,0.12218821901141218,-0.1311987704096276,0.12728187190900273,0.1401565826579799,0.13041223698125604,-0.20857682993665427,-0.09258916162957616,-0.18048760566588978,0.18249215881235265,-0.03576207288573738,0.06611146001728498,0.1213048674871236,0.14217681680337127,0.15120110643959986,-0.1758043573461081,-0.0462842057462415,-0.11525800886393277,0.16598404337678752,-0.18920907084311234,-0.004165485041821899,-0.12870437750491556,-0.04197239445523285,-0.0192560268934774,-0.17150796041053437,0.13180223924791176,-0.042468864739001556,-0.0471717684639609,0.08054885268799386,-0.01747331392000736,-0.16730773619515144,0.11845460554532583,0.04061807855857206,0.040618078558572066,-0.004135508510221623,-0.004128101598142595,0.16199186761616996,0.16056820158342014
energy,-0.43468248401444454,-0.0806524813427773,0.008442220211876066,0.012263919586248145,1.0,0.3659519068135362,-0.17600724158551762,0.1467915824010224,0.18762069320956998,0.17991619671530215,0.26920572468083626,-0.06361096836588075,0.13771877004510105,0.03651791433876893,-0.4512149689915054,0.20186912804090767,0.027477907004868622,-0.13146352709573464,0.12716226309102852,0.11794318409889352,-0.07623327918266216,0.06781433004738957,-0.03555086466706377,0.16914879347201164,-0.16916775579316623,0.04786782365449894,-0.0793397906573521,0.18536073896384278,-0.04332403124399943,-0.03854293077640072,0.00582838846475717,-0.3722683286272224,-0.3668755218100138,-0.06033461871353601,-0.041272740426852444,-0.030263716023467464,0.1375689453007328,-0.17238163488669037,-0.17238163488669034,0.009743903723948531,0.010045338102190576,0.06573832994084346,0.17419489159593005
hform,0.04236317228575523,-0.007439953574711907,-0.2839686392991468,-0.2801636098441506,0.3659519068135362,1.0,0.07008008877909701,0.2176819412566783,-0.5161091644001581,-0.555274844665205,-0.5065662574760051,0.4336320725557334,-0.08798732334721336,0.22048611921045905,0.0012832696356146877,0.0918941040090245,-0.14532058616621868,-0.1803465909446846,-0.5522564056757303,-0.5895226809835008,0.42322021380117575,-0.17028396892941453,0.04623291238672171,-0.5866420150684762,0.4665988141927704,-0.27032951117393017,0.14988155899755465,0.09422808211642911,-0.044196212775999465,0.04093720536990252,0.13659626496344618,0.27093287460297966,0.27061811767322763,0.26148932334784075,-0.04916762092918164,0.020369001497777633,-0.5096083271873321,0.04835280126142193,0.04835280126142192,0.001639317867371181,0.0019704398241036244,-0.5094085690374947,-0.5625845867304179
ehull,-0.050022149061201844,-0.1474631391053801,0.13465850236345892,0.12218821901141218,-0.17600724158551762,0.07008008877909701,1.0,-0.40099755852519187,-0.1506048390121153,-0.17435170432660205,-0.2245095431016074,-0.03271717381989786,-0.20475639741536555,-0.13326753257472065,-0.03027523805620791,-0.09403917491053976,0.01707910301568941,0.17434349861504236,-0.11048463541692309,-0.13709940416136857,-0.03613798266237148,-0.1969389164641261,-0.1240966454612903,-0.1214334761268142,-0.0018244447678928207,-0.17964175253870054,-0.09970484897570493,-0.1226277826231534,-0.0011846983553422796,-0.04514169650030246,-0.07110278427053997,0.2715130509556589,0.27025319373012585,-0.11636818454129226,-0.003010154203763601,-0.05390854570323165,-0.025030380910347802,0.13424362517822594,0.13424362517822594,-0.10241333229188353,-0.10167151882366177,0.05219834367909547,-0.10509543826914641
minhessianeig,0.03409366495689116,0.08318305592585701,-0.13940946177796754,-0.1311987704096276,0.1467915824010224,0.2176819412566783,-0.40099755852519187,1.0,-0.023869736583326244,-0.021866130646082015,0.00441878866157737,0.2668149344612383,0.2734107992978113,0.3163832335906578,-0.015332156670977266,0.012686478504723804,-0.021434652478527477,-0.01284758041803521,-0.10367963337391975,-0.09960773218818252,0.27083387282305604,0.2260472103956751,0.2842671793155056,-0.09164890559943148,0.23009430365903333,0.16935932414942279,0.27924991268263655,0.02073686445349975,0.019794647999602476,0.04010064761387026,0.014222987258926916,0.035583862715661496,0.03452248783692382,0.13816789683346853,0.020273674288741262,0.04303244116523295,0.05250300851189897,-0.0032038995232657533,-0.0032038995232657533,0.004659210894379794,0.004715568571542552,-0.19410769261557184,-0.0977103427092482
gap,-0.13567905565901553,-0.15694902576058928,0.11694734087112464,0.12728187190900273,0.18762069320956998,-0.5161091644001581,-0.1506048390121153,-0.023869736583326244,1.0,0.9815566051138106,0.9439432886354335,-0.6013491081436074,0.4390625240090136,-0.13084273456560336,-0.40360579947171576,-0.01085294785271115,0.04140393949886148,0.19021764002506655,0.9457959843624084,0.9301888478467164,-0.6213221043153863,0.43114799684801,0.014582561382395855,0.9541835332136428,-0.7379276512666318,0.5597495237844498,-0.16468391948656824,-0.027035247783821978,-0.08255558792294795,-0.13134525531206823,-0.20100263048426587,-0.42102011951604634,-0.41631519970995184,-0.3669426453336878,-0.0752401867213893,-0.10150321241480596,0.6622937517098623,-0.0657379367095879,-0.0657379367095879,-0.029514151524319562,-0.029742519709847128,0.6640268414289016,0.9682404515320442
gap_dir,-0.1619212328282421,-0.1620774866309367,0.13272582410936665,0.1401565826579799,0.17991619671530215,-0.555274844665205,-0.17435170432660205,-0.021866130646082015,0.9815566051138106,1.0,0.9549393996890728,-0.5968810267849448,0.42351737004109763,-0.1366473399877616,-0.38774570277991144,0.004368480639574098,0.03747453971500229,0.1728043833908226,0.925977701358251,0.9422209799696442,-0.615557665212206,0.41233283333223464,0.00788806613717737,0.9663641597464291,-0.7376508612857228,0.5442585407813807,-0.17253614690784877,-0.014897208100532053,-0.0954709927084004,-0.15070353177609846,-0.20448216282754278,-0.4463455368620859,-0.44233843744417845,-0.3710460284497007,-0.08791198418491952,-0.11989983528383993,0.6613957510698859,-0.07547606966845226,-0.07547606966845227,-0.02194209519106191,-0.02221423548264655,0.6661851784658464,0.9588037155649168
gap_dir_nosoc,-0.19484777835094189,-0.11298603262265476,0.12191634901937214,0.13041223698125604,0.26920572468083626,-0.5065662574760051,-0.2245095431016074,0.00441878866157737,0.9439432886354335,0.9549393996890728,1.0,-0.6074820348108734,0.3696473253119142,-0.17294583293855792,-0.39375102508591936,0.09352690553624242,0.08556559970219393,0.13275933447897453,0.8803244858097156,0.8897523944744542,-0.6192324474602201,0.3461335611249024,-0.04045389718797764,0.9288390234062947,-0.7529745685965756,0.4680956605042468,-0.22676607104048274,0.08712960208719887,-0.10824945327996263,-0.1397043684349769,-0.15859004348027633,-0.4785320283231558,-0.4744550497346697,-0.3304019406512113,-0.1003406051768657,-0.10718780470582935,0.697372142060174,-0.08945277793459316,-0.08945277793459318,-0.0267702596835716,-0.027088289971376054,0.6057536508023772,0.926784218473731
vbm,0.15805606650267542,0.14545602580844724,-0.2129967170695044,-0.20857682993665427,-0.06361096836588075,0.4336320725557334,-0.03271717381989786,0.2668149344612383,-0.6013491081436074,-0.5968810267849448,-0.6074820348108734,1.0,0.45382466539468097,0.8707997739157716,0.31415006787646044,-0.15916231200949285,-0.1188920676925838,-0.20514218556775748,-0.6569401326201175,-0.6531804750302482,0.9764334595711532,0.43511787465004365,0.7229314369707929,-0.659542534663243,0.9602282192478105,0.2732344107056353,0.8069648670683975,-0.14837967776627004,-0.04434071027589792,0.06891670324944955,0.14358103770720734,0.3737543355263068,0.37733509796552833,0.31983293643633026,-0.05067588786870213,0.04251636048239604,-0.48810826400472673,0.017035694579321123,0.017035694579321123,0.0397822488904502,0.0397925913444127,-0.5646209752038509,-0.6651883355872124
cbm,0.026413611732727535,-0.0114769805924289,-0.10908516726682785,-0.09258916162957616,0.13771877004510105,-0.08798732334721336,-0.20475639741536555,0.2734107992978113,0.4390625240090136,0.42351737004109763,0.3696473253119142,0.45382466539468097,1.0,0.8332844604292508,-0.0968718911827094,-0.19108132701045966,-0.08740855306941747,-0.01783303872370937,0.3160981910257847,0.30291963102098807,0.4050487796581016,0.9701374113760919,0.8291966595024484,0.322526240763779,0.2567785977332764,0.9315265051251517,0.723760112883821,-0.19700404858443094,-0.14193325800839315,-0.06898980406112959,-0.06271736037173883,-0.0492689546295149,-0.03999511576815962,-0.04959196563711245,-0.14089843858502057,-0.06539472895986259,0.18976537937156707,-0.05415943720007756,-0.05415943720007756,0.011818506266920098,0.011575442564330818,0.10566006329354476,0.3318549188624744
efermi,0.11263311248349815,0.08391066855781162,-0.19233103189294995,-0.18048760566588978,0.03651791433876893,0.22048611921045905,-0.13326753257472065,0.3163832335906578,-0.13084273456560336,-0.1366473399877616,-0.17294583293855792,0.8707997739157716,0.8332844604292508,1.0,0.1414560818081103,-0.20417085601269894,-0.12215632075668484,-0.13737495191377555,-0.2331747162268046,-0.23811312621996708,0.8292678742538819,0.8052025653424797,0.906005211826354,-0.231242759974243,0.7374094585295503,0.6834653244611822,0.8999685919760351,-0.20074888705715663,-0.10581778400745158,0.004693371231331074,0.05447676588291111,0.20469911084136544,0.21203727798116415,0.17106735866480124,-0.10917727425015722,-0.009702250056005064,-0.19813028668626237,-0.01931198776576617,-0.019311987765766165,0.03120199957509278,0.03107431167106925,-0.2920028362111552,-0.22959861676685778
evac,0.2544175517498458,0.5515072630991291,0.18628013177716565,0.18249215881235265,-0.4512149689915054,0.0012832696356146877,-0.03027523805620791,-0.015332156670977266,-0.40360579947171576,-0.38774570277991144,-0.39375102508591936,0.31415006787646044,-0.0968718911827094,0.1414560818081103,1.0,-0.07411472258500357,-0.09022626275051142,0.0624186196497101,-0.44405702750597814,-0.4294920417298661,0.379341491763992,-0.08428867584257799,0.1296771314155194,-0.43954771791760633,0.4138556247426806,-0.1529976861375375,0.1918163550701614,-0.024122598826138472,-0.06923371751814895,-0.028649289834437822,0.4409548091226845,0.5150837905300193,0.5137370339854428,0.5950150061861685,-0.07632783480501344,-0.059888326661645605,-0.34657375997168816,0.1779470440686139,0.1779470440686139,0.014883830226493528,0.014615554988229907,-0.3624853535824416,-0.44746653063564096
evacdiff,0.03248966990097222,0.16935675467465247,-0.03506835007387772,-0.03576207288573738,0.20186912804090767,0.0918941040090245,-0.09403917491053976,0.012686478504723804,-0.01085294785271115,0.004368480639574098,0.09352690553624242,-0.15916231200949285,-0.19108132701045966,-0.20417085601269894,-0.07411472258500357,1.0,0.11136319515646292,-0.1318165533925971,-0.02532787695542888,-0.0049774716605279,-0.14061748639520133,-0.22355738618611176,-0.21585861102817333,-0.011099284534568626,-0.13934958170755327,-0.24251556372855804,-0.22406867228744506,0.9872037837390814,0.007455489566469935,0.06143530150471872,-0.008913130778510192,-0.053312387922635006,-0.05292324204444207,-0.003160972710583093,0.008609567455543489,0.06707328230650587,0.1041174646263372,-0.009371813335520517,-0.009371813335520517,-0.0031873780513190938,-0.0032259495218015374,-0.03869153846989585,-0.023923108362859262
emass_cbm,-0.1423238957665483,0.01443917002056945,0.0778121169097893,0.06611146001728498,0.027477907004868622,-0.14532058616621868,0.01707910301568941,-0.021434652478527477,0.04140393949886148,0.03747453971500229,0.08556559970219393,-0.1188920676925838,-0.08740855306941747,-0.12215632075668484,-0.09022626275051142,0.11136319515646292,1.0,0.08467357786909233,0.0793060214637967,0.07386344326703767,-0.10498376530913539,-0.03490766914288509,-0.04689517258008237,0.049005982651759046,-0.09762818836370141,-0.053580962257891634,-0.02173917021361306,0.11601837919295431,-0.06022854161578047,-0.08884149488620693,-0.028818215189362006,-0.06612397627072751,-0.06956164859917595,-0.04796929878818738,-0.05812488843930488,-0.08043184300949559,0.16447739925958088,-0.040204509083049955,-0.040204509083049955,0.02515353290874478,0.025305905280454614,0.16915677685066255,0.05224348492966864
emass_vbm,0.07355152277980898,0.10934839513361319,0.1250947732252538,0.1213048674871236,-0.13146352709573464,-0.1803465909446846,0.17434349861504236,-0.01284758041803521,0.19021764002506655,0.1728043833908226,0.13275933447897453,-0.20514218556775748,-0.01783303872370937,-0.13737495191377555,0.0624186196497101,-0.1318165533925971,0.08467357786909233,1.0,0.23096126582065954,0.20790979511272117,-0.22255861494070842,0.011174309668795119,-0.02218625079884861,0.18576885618612277,-0.19365521848199777,0.056370638644170655,-0.0718928494804778,-0.11939036177992185,-0.01243211959363256,-0.04988848827571236,0.05306570029683784,0.03840189693583325,0.035373507765424174,-0.008958721501967394,-0.014743606299501067,-0.06021732908299673,0.18494856990979147,-0.006322661190084573,-0.0063226611900845725,-0.015118091758751898,-0.015020582299242748,0.28319424962120116,0.2001350460800294
gap_hse,-0.1514241108254388,-0.23514094824063406,0.12786123063162014,0.14217681680337127,0.12716226309102852,-0.5522564056757303,-0.11048463541692309,-0.10367963337391975,0.9457959843624084,0.925977701358251,0.8803244858097156,-0.6569401326201175,0.3160981910257847,-0.2331747162268046,-0.44405702750597814,-0.02532787695542888,0.0793060214637967,0.23096126582065954,1.0,0.9843648573065661,-0.7235606061840212,0.36602692977750445,-0.09845135943951261,0.9513557345446998,-0.767195714731001,0.5134953836795854,-0.2221150568067738,-0.04418042474241104,-0.0956142822680093,-0.15690170586495608,-0.2698629669343799,-0.4804858398825494,-0.4767302690410653,-0.44893933460640695,-0.08754831233319642,-0.12405575507325335,0.6227165713627316,-0.08172772356305232,-0.08172772356305232,0.00034266920432411897,0.000246037273096626,0.7791130847699957,0.965996007672085
gap_dir_hse,-0.1727396529196925,-0.23712061904770773,0.13964204621021278,0.15120110643959986,0.11794318409889352,-0.5895226809835008,-0.13709940416136857,-0.09960773218818252,0.9301888478467164,0.9422209799696442,0.8897523944744542,-0.6531804750302482,0.30291963102098807,-0.23811312621996708,-0.4294920417298661,-0.0049774716605279,0.07386344326703767,0.20790979511272117,0.9843648573065661,1.0,-0.7203258627493492,0.34941304047584193,-0.1059817249079586,0.9626250279480981,-0.767763549278984,0.4986175958358203,-0.23141884075367167,-0.027430726976097636,-0.1091857296948021,-0.1759013913359323,-0.281704852581645,-0.5047744301571597,-0.5020941246680699,-0.45719585211705666,-0.10077734239133901,-0.1416578407137793,0.6251325930499427,-0.09126454445636133,-0.09126454445636131,0.0010568797705564203,0.0009478424366956493,0.7797924998856763,0.957651187840864
vbm_hse,0.1534732501579156,0.21076051288655887,-0.1748246967514604,-0.1758043573461081,-0.07623327918266216,0.42322021380117575,-0.03613798266237148,0.27083387282305604,-0.6213221043153863,-0.615557665212206,-0.6192324474602201,0.9764334595711532,0.4050487796581016,0.8292678742538819,0.379341491763992,-0.14061748639520133,-0.10498376530913539,-0.22255861494070842,-0.7235606061840212,-0.7203258627493492,1.0,0.37751702505490253,0.7083936878397877,-0.6970969925660934,0.9562109209425634,0.20215323652819023,0.7695568251166859,-0.1253622840349689,-0.024781452667471154,0.08060561733347031,0.21698329607441788,0.4214595879714023,0.42479533666397107,0.4002704079610606,-0.031993148698408115,0.05047227551433835,-0.4912879573559458,0.01569287454718724,0.01569287454718724,0.0225798430549741,0.022489641446433232,-0.6465319281574661,-0.703933160585178
cbm_hse,0.003772100482755083,-0.03130194706101719,-0.06416816108201816,-0.0462842057462415,0.06781433004738957,-0.17028396892941453,-0.1969389164641261,0.2260472103956751,0.43114799684801,0.41233283333223464,0.3461335611249024,0.43511787465004365,0.9701374113760919,0.8052025653424797,-0.08428867584257799,-0.22355738618611176,-0.03490766914288509,0.011174309668795119,0.36602692977750445,0.34941304047584193,0.37751702505490253,1.0,0.82297577637652,0.33644743574942026,0.2599433155860399,0.96140863257169,0.7395374151546875,-0.22828161873253866,-0.16167917183624836,-0.10181580343300478,-0.06949291839691144,-0.07637557588932414,-0.06684015111355168,-0.06262221578191243,-0.16058121816351273,-0.09837765246460839,0.1730396918227499,-0.08848282740981457,-0.08848282740981456,0.03090166640499797,0.03065042309118212,0.17355092529683666,0.3468712697002901
efermi_hse,0.07755805514590129,0.07182330605102258,-0.12492488049589522,-0.11525800886393277,-0.03555086466706377,0.04623291238672171,-0.1240966454612903,0.2842671793155056,0.014582561382395855,0.00788806613717737,-0.04045389718797764,0.7229314369707929,0.8291966595024484,0.906005211826354,0.1296771314155194,-0.21585861102817333,-0.04689517258008237,-0.02218625079884861,-0.09845135943951261,-0.1059817249079586,0.7083936878397877,0.82297577637652,1.0,-0.09419317829121834,0.5997596634956559,0.7117521361738917,0.8838932002898955,-0.21079917978591478,-0.10776965932612165,-0.016166364437907206,0.06254196771737244,0.18691721133990744,0.19470291505665227,0.14327915762060212,-0.11071781292728716,-0.029122102021871307,-0.041627463623688445,-0.03901708566431596,-0.03901708566431596,0.029389989840347224,0.029176137688385503,-0.18316662012613052,-0.0941895732485244
gap_dir_gw,-0.18003434694837142,-0.21182773093371324,0.15809692434773626,0.16598404337678752,0.16914879347201164,-0.5866420150684762,-0.1214334761268142,-0.09164890559943148,0.9541835332136428,0.9663641597464291,0.9288390234062947,-0.659542534663243,0.322526240763779,-0.231242759974243,-0.43954771791760633,-0.011099284534568626,0.049005982651759046,0.18576885618612277,0.9513557345446998,0.9626250279480981,-0.6970969925660934,0.33644743574942026,-0.09419317829121834,1.0,-0.8033541780662632,0.5053898865458032,-0.2501027076975089,-0.03272883564154121,-0.10691547082796041,-0.17260851507743263,-0.25746706749712595,-0.5093478174015779,-0.5056483947106762,-0.4482479586535961,-0.09880329543223029,-0.13959237030228866,0.6652677771356933,-0.08739960828771808,-0.08739960828771806,0.03735030790583687,0.03711355802544914,0.7292170427284748,0.9923409024318702
vbm_gw,0.1710078092716891,0.1667693194613778,-0.18714957536510574,-0.18920907084311234,-0.16916775579316623,0.4665988141927704,-0.0018244447678928207,0.23009430365903333,-0.7379276512666318,-0.7376508612857228,-0.7529745685965756,0.9602282192478105,0.2567785977332764,0.7374094585295503,0.4138556247426806,-0.13934958170755327,-0.09762818836370141,-0.19365521848199777,-0.767195714731001,-0.767763549278984,0.9562109209425634,0.2599433155860399,0.5997596634956559,-0.8033541780662632,1.0,0.0929346934577946,0.7298516182843373,-0.1237671402932235,-0.001505062252474141,0.08865341917870953,0.1617186607844591,0.47212886032355583,0.4720702973015916,0.3702750124114385,-0.008940221211655414,0.05777796974105159,-0.59720038524112,0.05378513986661621,0.05378513986661621,0.008583839204073001,0.008628061957832472,-0.6339726704433496,-0.8065179545613502
cbm_gw,-0.022037418512637266,-0.1019639313673863,-0.018482647094740613,-0.004165485041821899,0.04786782365449894,-0.27032951117393017,-0.17964175253870054,0.16935932414942279,0.5597495237844498,0.5442585407813807,0.4680956605042468,0.2732344107056353,0.9315265051251517,0.6834653244611822,-0.1529976861375375,-0.24251556372855804,-0.053580962257891634,0.056370638644170655,0.5134953836795854,0.4986175958358203,0.20215323652819023,0.96140863257169,0.7117521361738917,0.5053898865458032,0.0929346934577946,1.0,0.6416704302832361,-0.2520120051263648,-0.16636856679987097,-0.13943081037977748,-0.18633799896696174,-0.14553079149834333,-0.13858340895780244,-0.20664059674277502,-0.16367185088992087,-0.12932377671832812,0.26166305932270667,-0.05857137201087138,-0.05857137201087138,0.05468777137386071,0.05441005779633804,0.3106880919860912,0.5136974662268248
efermi_gw,0.09467219517209043,0.06775418346487691,-0.13408993691888174,-0.12870437750491556,-0.0793397906573521,0.14988155899755465,-0.09970484897570493,0.27924991268263655,-0.16468391948656824,-0.17253614690784877,-0.22676607104048274,0.8069648670683975,0.723760112883821,0.8999685919760351,0.1918163550701614,-0.22406867228744506,-0.02173917021361306,-0.0718928494804778,-0.2221150568067738,-0.23141884075367167,0.7695568251166859,0.7395374151546875,0.8838932002898955,-0.2501027076975089,0.7298516182843373,0.6416704302832361,1.0,-0.21948315090533102,-0.09796793956725973,-0.01721170247143616,0.027357038247428394,0.2552070349098915,0.2594047754621374,0.14154890654207078,-0.10167210232402213,-0.03323302225437168,-0.20593694461030668,0.007926983680237422,0.007926983680237422,0.03534674969271858,0.03521301575912272,-0.23753478166449613,-0.24790296607177484
dipz,0.040387699528146435,0.19930348764557418,-0.0411569626242435,-0.04197239445523285,0.18536073896384278,0.09422808211642911,-0.1226277826231534,0.02073686445349975,-0.027035247783821978,-0.014897208100532053,0.08712960208719887,-0.14837967776627004,-0.19700404858443094,-0.20074888705715663,-0.024122598826138472,0.9872037837390814,0.11601837919295431,-0.11939036177992185,-0.04418042474241104,-0.027430726976097636,-0.1253622840349689,-0.22828161873253866,-0.21079917978591478,-0.03272883564154121,-0.1237671402932235,-0.2520120051263648,-0.21948315090533102,1.0,0.005938715483581488,0.06002189292129662,0.0378031023521743,-0.04342990062816192,-0.043267480067110335,0.04655226978130002,0.006773773570482382,0.06430634193999432,0.09197882281302003,-0.011001298434064754,-0.011001298434064754,-0.0037420161421120846,-0.003787293040917211,-0.05987502441677099,-0.04298929918749094
alphax,0.13592457182233827,0.05809897649639234,-0.026605681945993394,-0.0192560268934774,-0.04332403124399943,-0.044196212775999465,-0.0011846983553422796,0.019794647999602476,-0.08255558792294795,-0.0954709927084004,-0.10824945327996263,-0.04434071027589792,-0.14193325800839315,-0.10581778400745158,-0.06923371751814895,0.007455489566469935,-0.06022854161578047,-0.01243211959363256,-0.0956142822680093,-0.1091857296948021,-0.024781452667471154,-0.16167917183624836,-0.10776965932612165,-0.10691547082796041,-0.001505062252474141,-0.16636856679987097,-0.09796793956725973,0.005938715483581488,1.0,0.7991158034866733,-0.05729676947568762,0.028397385799339783,0.028178105830544312,-0.053696680694489636,0.999888921239954,0.8050174089056518,0.03561199911338665,-0.005125746039024081,-0.005125746039024082,-0.0008259974223471954,-0.0008559263443167548,-0.11787725255192569,-0.09748930675737219
alphay,0.2241553587845185,0.0464034641261175,-0.19423708470932977,-0.17150796041053437,-0.03854293077640072,0.04093720536990252,-0.04514169650030246,0.04010064761387026,-0.13134525531206823,-0.15070353177609846,-0.1397043684349769,0.06891670324944955,-0.06898980406112959,0.004693371231331074,-0.028649289834437822,0.06143530150471872,-0.08884149488620693,-0.04988848827571236,-0.15690170586495608,-0.1759013913359323,0.08060561733347031,-0.10181580343300478,-0.016166364437907206,-0.17260851507743263,0.08865341917870953,-0.13943081037977748,-0.01721170247143616,0.06002189292129662,0.7991158034866733,1.0,0.01335199536214146,0.10064734617566291,0.10370175014951917,0.015505541189160657,0.7965200120811581,0.9979708592249426,0.024445638710475205,-0.010383904562150626,-0.010383904562150624,0.00032712000128074854,0.00024645564753417133,-0.1904356363779636,-0.15918384584384698
alphaz,0.18574255380906285,0.45212534429232276,0.13260892456114076,0.13180223924791176,0.00582838846475717,0.13659626496344618,-0.07110278427053997,0.014222987258926916,-0.20100263048426587,-0.20448216282754278,-0.15859004348027633,0.14358103770720734,-0.06271736037173883,0.05447676588291111,0.4409548091226845,-0.008913130778510192,-0.028818215189362006,0.05306570029683784,-0.2698629669343799,-0.281704852581645,0.21698329607441788,-0.06949291839691144,0.06254196771737244,-0.25746706749712595,0.1617186607844591,-0.18633799896696174,0.027357038247428394,0.0378031023521743,-0.05729676947568762,0.01335199536214146,1.0,0.2075558191870716,0.20978725113133453,0.9038493127963315,-0.06369951309944173,-0.014450606620654378,-0.07225661501321126,-0.003682986461870917,-0.003682986461870918,0.012013804714535177,0.011695804421241105,-0.28078189702009543,-0.249996732587759
alphax_el,0.3388048202086385,0.3458483009463587,-0.035444856142637246,-0.042468864739001556,-0.3722683286272224,0.27093287460297966,0.2715130509556589,0.035583862715661496,-0.42102011951604634,-0.4463455368620859,-0.4785320283231558,0.3737543355263068,-0.0492689546295149,0.20469911084136544,0.5150837905300193,-0.053312387922635006,-0.06612397627072751,0.03840189693583325,-0.4804858398825494,-0.5047744301571597,0.4214595879714023,-0.07637557588932414,0.18691721133990744,-0.5093478174015779,0.47212886032355583,-0.14553079149834333,0.2552070349098915,-0.04342990062816192,0.028397385799339783,0.10064734617566291,0.2075558191870716,1.0,0.9970089404516537,0.39132515537638585,0.020929107443539458,0.06921725604309607,-0.2746797203557619,0.605451510779067,0.6054515107790669,0.03304957727040683,0.03277142151209647,-0.42463617107730217,-0.493246928137555
alphay_el,0.33867674478389087,0.34314447165336875,-0.044081482898528375,-0.0471717684639609,-0.3668755218100138,0.27061811767322763,0.27025319373012585,0.03452248783692382,-0.41631519970995184,-0.44233843744417845,-0.4744550497346697,0.37733509796552833,-0.03999511576815962,0.21203727798116415,0.5137370339854428,-0.05292324204444207,-0.06956164859917595,0.035373507765424174,-0.4767302690410653,-0.5020941246680699,0.42479533666397107,-0.06684015111355168,0.19470291505665227,-0.5056483947106762,0.4720702973015916,-0.13858340895780244,0.2594047754621374,-0.043267480067110335,0.028178105830544312,0.10370175014951917,0.20978725113133453,0.9970089404516537,1.0,0.3908138251521204,0.02072177508063614,0.07204296298170756,-0.2693057438442875,0.5960011207064781,0.5960011207064781,0.0324876406144955,0.03221308866712493,-0.4224869993418278,-0.48907125203583224
alphaz_el,0.2915773150289639,0.5842276058397612,0.08397372987946611,0.08054885268799386,-0.06033461871353601,0.26148932334784075,-0.11636818454129226,0.13816789683346853,-0.3669426453336878,-0.3710460284497007,-0.3304019406512113,0.31983293643633026,-0.04959196563711245,0.17106735866480124,0.5950150061861685,-0.003160972710583093,-0.04796929878818738,-0.008958721501967394,-0.44893933460640695,-0.45719585211705666,0.4002704079610606,-0.06262221578191243,0.14327915762060212,-0.4482479586535961,0.3702750124114385,-0.20664059674277502,0.14154890654207078,0.04655226978130002,-0.053696680694489636,0.015505541189160657,0.9038493127963315,0.39132515537638585,0.3908138251521204,1.0,-0.06087155174086929,-0.01539612865932787,-0.25357176242823504,0.02292757484549233,0.02292757484549233,0.01599776373912108,0.015725582738654688,-0.42737481984998654,-0.4417651411025642
alphax_lat,0.1336282057489843,0.054841590065394984,-0.024883373891685337,-0.01747331392000736,-0.041272740426852444,-0.04916762092918164,-0.003010154203763601,0.020273674288741262,-0.0752401867213893,-0.08791198418491952,-0.1003406051768657,-0.05067588786870213,-0.14089843858502057,-0.10917727425015722,-0.07632783480501344,0.008609567455543489,-0.05812488843930488,-0.014743606299501067,-0.08754831233319642,-0.10077734239133901,-0.031993148698408115,-0.16058121816351273,-0.11071781292728716,-0.09880329543223029,-0.008940221211655414,-0.16367185088992087,-0.10167210232402213,0.006773773570482382,0.999888921239954,0.7965200120811581,-0.06369951309944173,0.020929107443539458,0.02072177508063614,-0.06087155174086929,1.0,0.8033562653600963,0.043594555809369884,-0.005249788007551782,-0.005249788007551781,-0.0019093620587741634,-0.0019316908963525642,-0.11033483591025485,-0.08948117117256753
alphay_lat,0.21685558447819417,0.032285676388322915,-0.1901039124183407,-0.16730773619515144,-0.030263716023467464,0.020369001497777633,-0.05390854570323165,0.04303244116523295,-0.10150321241480596,-0.11989983528383993,-0.10718780470582935,0.04251636048239604,-0.06539472895986259,-0.009702250056005064,-0.059888326661645605,0.06707328230650587,-0.08043184300949559,-0.06021732908299673,-0.12405575507325335,-0.1416578407137793,0.05047227551433835,-0.09837765246460839,-0.029122102021871307,-0.13959237030228866,0.05777796974105159,-0.12932377671832812,-0.03323302225437168,0.06430634193999432,0.8050174089056518,0.9979708592249426,-0.014450606620654378,0.06921725604309607,0.07204296298170756,-0.01539612865932787,0.8033562653600963,1.0,0.058752049554662664,-0.01114308094071818,-0.01114308094071818,-0.004321470582906606,-0.0043704065682153405,-0.15989966537891825,-0.1265771028839262
alphaz_lat,0.010134829912751912,0.030616259865851935,0.11059098326462823,0.11845460554532583,0.1375689453007328,-0.5096083271873321,-0.025030380910347802,0.05250300851189897,0.6622937517098623,0.6613957510698859,0.697372142060174,-0.48810826400472673,0.18976537937156707,-0.19813028668626237,-0.34657375997168816,0.1041174646263372,0.16447739925958088,0.18494856990979147,0.6227165713627316,0.6251325930499427,-0.4912879573559458,0.1730396918227499,-0.041627463623688445,0.6652677771356933,-0.59720038524112,0.26166305932270667,-0.20593694461030668,0.09197882281302003,0.03561199911338665,0.024445638710475205,-0.07225661501321126,-0.2746797203557619,-0.2693057438442875,-0.25357176242823504,0.043594555809369884,0.058752049554662664,1.0,-0.013595447007852474,-0.013595447007852474,-0.025179240737976484,-0.02520425259798321,0.4952502529910135,0.6699780860962692
plasmafrequency_x,0.11146810368710164,0.09703623905446575,0.043458555074356975,0.04061807855857206,-0.17238163488669037,0.04835280126142193,0.13424362517822594,-0.0032038995232657533,-0.0657379367095879,-0.07547606966845226,-0.08945277793459316,0.017035694579321123,-0.05415943720007756,-0.01931198776576617,0.1779470440686139,-0.009371813335520517,-0.040204509083049955,-0.006322661190084573,-0.08172772356305232,-0.09126454445636133,0.01569287454718724,-0.08848282740981457,-0.03901708566431596,-0.08739960828771808,0.05378513986661621,-0.05857137201087138,0.007926983680237422,-0.011001298434064754,-0.005125746039024081,-0.010383904562150626,-0.003682986461870917,0.605451510779067,0.5960011207064781,0.02292757484549233,-0.005249788007551782,-0.01114308094071818,-0.013595447007852474,1.0,1.0,-0.0012064842874354384,-0.0012210778856894446,-0.05889459813153532,-0.08112516169650423
plasmafrequency_y,0.11146810368710162,0.09703623905446576,0.043458555074356975,0.040618078558572066,-0.17238163488669034,0.04835280126142192,0.13424362517822594,-0.0032038995232657533,-0.0657379367095879,-0.07547606966845227,-0.08945277793459318,0.017035694579321123,-0.05415943720007756,-0.019311987765766165,0.1779470440686139,-0.009371813335520517,-0.040204509083049955,-0.0063226611900845725,-0.08172772356305232,-0.09126454445636131,0.01569287454718724,-0.08848282740981456,-0.03901708566431596,-0.08739960828771806,0.05378513986661621,-0.05857137201087138,0.007926983680237422,-0.011001298434064754,-0.005125746039024082,-0.010383904562150624,-0.003682986461870918,0.6054515107790669,0.5960011207064781,0.02292757484549233,-0.005249788007551781,-0.01114308094071818,-0.013595447007852474,1.0,1.0,-0.0012064842874354384,-0.0012210778856894444,-0.05889459813153532,-0.08112516169650423
dE_zx,-0.0064252478096298036,-0.008495669614490798,-0.00614781766767321,-0.004135508510221623,0.009743903723948531,0.001639317867371181,-0.10241333229188353,0.004659210894379794,-0.029514151524319562,-0.02194209519106191,-0.0267702596835716,0.0397822488904502,0.011818506266920098,0.03120199957509278,0.014883830226493528,-0.0031873780513190938,0.02515353290874478,-0.015118091758751898,0.00034266920432411897,0.0010568797705564203,0.0225798430549741,0.03090166640499797,0.029389989840347224,0.03735030790583687,0.008583839204073001,0.05468777137386071,0.03534674969271858,-0.0037420161421120846,-0.0008259974223471954,0.00032712000128074854,0.012013804714535177,0.03304957727040683,0.0324876406144955,0.01599776373912108,-0.0019093620587741634,-0.004321470582906606,-0.025179240737976484,-0.0012064842874354384,-0.0012064842874354384,1.0,0.999987330897149,0.041246768356125826,0.02507576960295578
dE_zy,-0.0065029674170815404,-0.00867386445857814,-0.0061552239799245075,-0.004128101598142595,0.010045338102190576,0.0019704398241036244,-0.10167151882366177,0.004715568571542552,-0.029742519709847128,-0.02221423548264655,-0.027088289971376054,0.0397925913444127,0.011575442564330818,0.03107431167106925,0.014615554988229907,-0.0032259495218015374,0.025305905280454614,-0.015020582299242748,0.000246037273096626,0.0009478424366956493,0.022489641446433232,0.03065042309118212,0.029176137688385503,0.03711355802544914,0.008628061957832472,0.05441005779633804,0.03521301575912272,-0.003787293040917211,-0.0008559263443167548,0.00024645564753417133,0.011695804421241105,0.03277142151209647,0.03221308866712493,0.015725582738654688,-0.0019316908963525642,-0.0043704065682153405,-0.02520425259798321,-0.0012210778856894446,-0.0012210778856894444,0.999987330897149,1.0,0.04126224605187373,0.024872762238729446
E_B,-0.14217154914019853,-0.22734070525720634,0.15867538329732192,0.16199186761616996,0.06573832994084346,-0.5094085690374947,0.05219834367909547,-0.19410769261557184,0.6640268414289016,0.6661851784658464,0.6057536508023772,-0.5646209752038509,0.10566006329354476,-0.2920028362111552,-0.3624853535824416,-0.03869153846989585,0.16915677685066255,0.28319424962120116,0.7791130847699957,0.7797924998856763,-0.6465319281574661,0.17355092529683666,-0.18316662012613052,0.7292170427284748,-0.6339726704433496,0.3106880919860912,-0.23753478166449613,-0.05987502441677099,-0.11787725255192569,-0.1904356363779636,-0.28078189702009543,-0.42463617107730217,-0.4224869993418278,-0.42737481984998654,-0.11033483591025485,-0.15989966537891825,0.4952502529910135,-0.05889459813153532,-0.05889459813153532,0.041246768356125826,0.04126224605187373,1.0,0.730774840558991
gap_gw,-0.16044290564397012,-0.20424930925017398,0.1502922977626384,0.16056820158342014,0.17419489159593005,-0.5625845867304179,-0.10509543826914641,-0.0977103427092482,0.9682404515320442,0.9588037155649168,0.926784218473731,-0.6651883355872124,0.3318549188624744,-0.22959861676685778,-0.44746653063564096,-0.023923108362859262,0.05224348492966864,0.2001350460800294,0.965996007672085,0.957651187840864,-0.703933160585178,0.3468712697002901,-0.0941895732485244,0.9923409024318702,-0.8065179545613502,0.5136974662268248,-0.24790296607177484,-0.04298929918749094,-0.09748930675737219,-0.15918384584384698,-0.249996732587759,-0.493246928137555,-0.48907125203583224,-0.4417651411025642,-0.08948117117256753,-0.1265771028839262,0.6699780860962692,-0.08112516169650423,-0.08112516169650423,0.02507576960295578,0.024872762238729446,0.730774840558991,1.0
