formula,natoms,energy,number,has_inversion_symmetry,lgnum,layergroup,bravais_type,thickness,evac,dipz,minhessianeig,dyn_stab,alphax_el,alphay_el,alphaz_el,alphax_lat,alphax,alphay_lat,alphay,alphaz_lat,alphaz,emass_cbm,emass_vbm,is_magnetic,spin_axis,dE_zx,dE_zy,ehull,hform,is_ferroelectric,P_spontaneous_norm,J,lam,A,spin,N_nn,topology,plasmafrequency_x,plasmafrequency_y,halfmetal_gap,halfmetal_gap_dir,gap_gw,vbm_gw,cbm_gw,efermi_gw,E_B
RuBr2,3,-12.93679807986843,164,1,72,0,0,2.6336983078992056,3.3028176362134554,6.528271773250589e-11,-5.751219470199281e-15,1,3.9139706855613454,3.913970685561343,0.3359265571649909,0.17092108389693086,4.0848917694582765,0.1697602361811294,4.083730921742473,0.0037870224420498066,0.33971357960704074,0.7983218220617994,3.249751233515195,0,2,0.0,0.0,0.1872150665743053,-0.10147924612467267,0,,,,,,,0,0.0,0.0,,,2.403057819504702,-4.877997320647895,-2.4749395011431927,-3.676468410895237,1.3526126406042143
MoSe2,3,-20.291055724621312,187,0,78,1,0,3.33805895352641,4.584330644188648,-5.958587685442014e-14,-1.8082592220070203e-14,1,7.27956216571022,7.279562165710225,0.4116217953104684,0.2999474799097903,7.579509645620011,0.2986121397327848,7.57817430544301,0.0012556241941659822,0.41287741950463436,0.491940540516983,0.5850332478546281,0,2,0.0,0.0,0.0,-0.7077534906148024,0,,,,,,,0,0.0,0.0,,,2.1190653734421043,-5.269401988854958,-3.1503366154128543,-4.209869302133907,0.49978650001504665
ZrCl2,3,-16.088364071566033,187,0,78,1,0,3.4157984398376016,3.9185115604640144,4.880645864504854e-14,-2.0113959521897178e-14,1,5.127330200395246,5.127330200395245,0.3562965225951452,0.2128822512696062,5.340212451664852,0.21618575474204363,5.343515955137288,0.010308053725757075,0.36660457632090226,1.0073714237610798,0.43126653322191766,0,2,0.0,0.0,0.0,-1.7050652402350515,0,,,,,,,0,0.0,0.0,,,1.9926315565514572,-4.43020508896471,-2.4375735324132526,-3.4861161287549334,0.9094423908270558
HfCl2,3,-15.696102207835901,187,0,78,1,0,3.4599141836685092,4.035370111961512,-9.424632323320708e-13,-1.6867456522349848e-15,1,4.3666701074707985,4.366670107470802,0.355142486488411,0.39769700775630534,4.764367115227104,0.3949851534352501,4.7616552609060525,0.01059161752017844,0.36573410400858947,0.7801494122346229,0.37649406150632436,0,2,0.0,0.0,0.00681337844221197,-1.539937580898431,0,,,,,,,0,0.0,0.0,,,2.0915107901850156,-4.373244361870824,-2.281733571685808,-3.3702163817308683,0.9136897516752635
YCl2,3,-14.406901848432268,187,0,78,1,0,3.4349399332357526,3.476343455010591,3.40217550389673e-14,4.577744159151995e-16,1,2.6142605153876546,2.614260515387667,0.33758945505634447,1.4668297540453985,4.081090269433053,1.4505464122017635,4.06480692758943,0.03773473871121139,0.3753241937675559,2.2552270428548926,1.9106904235906983,1,2,-0.0006862205736979377,-0.000672952921831893,0.045503871077878934,-2.048398206976501,0,,16.388483150421962,-0.004063548923719888,0.0,0.5,6.0,0,0.0,0.0,,,1.8521282846701212,-4.76292710717964,-2.910798822509519,-3.8368629648445793,0.6726637548168217
PtCl2,3,-10.12418893528996,164,1,72,0,0,2.63187444002679,3.097682305123091,-5.029063350076833e-12,-2.5983301542099145e-15,1,2.283985931985143,2.283985931985144,0.30494483707387393,1.1240377025423791,3.408023634527522,1.1265261414031469,3.4105120733882908,0.015988574932031492,0.3209334120059054,1.3689863153060988,1.407656173540444,1,1,2.089007256927289,2.115111485863963,0.3579826248069355,-0.06663487429116206,0,,10.721559764363064,-0.5489006925074591,-0.7908701491601278,1.0,6.0,1,0.0,0.0,,,2.3695563076668535,-6.3945652217193105,-4.025008914052457,-5.209787067885884,1.3188526746368034
PbS2,3,-11.927718624216233,164,1,72,0,0,3.083980716075267,3.5252455386261383,-5.851272364542118e-15,-1.1416662411277604e-13,1,4.619240386203729,4.619240386203725,0.3786772649058869,7.858074628235037,12.477315014438766,7.864527012689455,12.483767398893178,0.014322928409798734,0.3930001933156856,0.5206310545181171,1.1550762058667694,0,2,0.0,0.0,0.37437751575919326,-0.004322527148670948,0,,,,,,,0,0.0,0.0,,,1.7627619980359452,-7.606438971861113,-5.843676973825168,-6.725057972843141,0.8166648130542039
OsI2,3,-12.834996669481503,164,1,72,0,0,2.7334789774153307,3.8409393705979826,4.2863387203034956e-11,-3.2705838633191272e-15,1,4.743515197929174,4.743515197929179,0.3848257293862512,,,,,,,0.5285555379795551,1.9332345601790801,0,2,0.0,0.0,0.4375517058183049,0.4375517058183049,0,,,,,,,0,0.0,0.0,,,2.234861972170756,-4.625256010827459,-2.3903940386567033,-3.507825024741986,0.8692375331328337
GeS2,3,-13.343084222306183,164,1,72,0,0,2.7940182516731795,3.717951072306014,1.980901271739589e-14,-1.5090452226904728e-15,1,3.9662280447401708,3.9662280447401694,0.36117284919187814,5.603700318520187,9.569928363260358,5.375085575471089,9.341313620211258,0.012537038722253977,0.3737098879141321,0.3587581317444014,0.5237784709358878,0,2,0.0,0.0,0.12265027167945242,-0.22369945623707643,0,,,,,,,0,0.0,0.0,,,2.265981066506524,-7.531643416268354,-5.26566234976183,-6.398652883015092,0.7839070917951185
PtSe2,3,-14.559603637603868,164,1,72,0,0,2.6196174497051317,3.6743055677775347,-3.217928688635218e-10,-4.954948504468635e-15,1,7.067946025638867,7.067946025638866,0.3847451669148007,0.4100048265162971,7.477950852155164,0.40800970210096765,7.475955727739834,2.4508523931866933e-05,0.3847696754387326,0.3272417286808719,3.0283199894227164,0,2,0.0,0.0,7.401486830834377e-17,-0.4133001782387969,0,,,,,,,0,0.0,0.0,,,2.380966208275626,-6.244601805565694,-3.8636355972900684,-5.054118701427882,0.5114137640306967
YBr2,3,-13.046738937550526,187,0,78,1,0,3.72095513932486,3.475662321264272,1.0268068953722009e-09,-4.641035546486976e-15,1,3.1408766409147613,3.1408766409147644,0.387533165463212,1.256598765799185,4.397475406713946,1.2294242473224302,4.370300888237194,0.02913002077253911,0.4166631862357511,1.8501709653498357,1.2318331770002637,1,1,0.11930512653179903,0.1193209545249374,0.016448334704337302,-1.7286898543230143,0,,16.987211614093667,-0.08337715181975607,0.0,0.5,6.0,0,0.0,0.0,,,1.5740919111649525,-4.460110630774912,-2.886018719609959,-3.673064675192436,0.5363344785011301
SnSe2,3,-12.064124266519803,164,1,72,0,0,3.1858620391484713,3.6310476254814734,-3.9095469804384533e-14,-2.8757665412334314e-15,1,4.615334773911817,4.615334773911819,0.40568882080741264,5.021114788969605,9.636449562881422,4.9553882960063085,9.570723069918127,0.012224215044097684,0.41791303585151035,0.4020372065809728,0.4885255177729326,0,2,0.0,0.0,0.0,-0.3474164432017138,0,,,,,,,0,0.0,0.0,,,1.9121600644033614,-6.883779353499887,-4.971619289096525,-5.927699321298206,0.7120750058207397
PdSe2,3,-11.579910747230102,164,1,72,0,0,2.6261168079604875,3.523316963284838,2.167762296212163e-09,-2.206651429083318e-15,1,10.799209702920122,10.799209702920116,0.387385911737054,0.7172923747402524,11.516502077660373,0.7216850520703182,11.520894754990435,1.2147673041267794e-06,0.38738712650435814,0.2647081336974254,0.7087034286016791,0,2,0.0,0.0,0.025946697146483972,-0.26475788320032834,0,,,,,,,0,0.0,0.0,,,1.614912444190729,-5.999824305455475,-4.384911861264746,-5.192368083360111,0.39753628365212884
ZrBr2,3,-14.590325573316,187,0,78,1,0,3.6523848530272502,3.8685777341697216,8.296513921495208e-11,-3.816864263418006e-15,1,5.871087788266393,5.871087788266395,0.40342427593556723,0.1113385767067245,5.982426364973117,0.11047129222781371,5.981559080494209,0.006927029151721718,0.41035130508728895,0.8899701331116129,0.41109447987347075,0,2,0.0,0.0,0.00013837169266217586,-1.3393983584588014,0,,,,,,,0,0.0,0.0,,,1.7369705379957243,-4.043183680716084,-2.3062131427203596,-3.2457414503991795,0.8274188362337275
TiCl2,3,-14.870900157417552,187,0,78,1,0,3.1717191271673704,3.7483475011883467,-4.45337486270682e-08,-1.6728969493398535e-14,1,6.559651967334227,6.559651967334227,0.3418357565781361,0.07599234678183628,6.635644314116063,0.07641297856999629,6.636064945904223,0.009521176088449056,0.35135693266658513,1.991934466611133,0.6102887354225364,0,2,0.0,0.0,0.006991561621454719,-1.5369877423225553,0,,,,,,,0,0.0,0.0,,,1.6364286912586663,-4.250054859750134,-2.613626168491467,-3.4866470483264913,0.8258007325827961
TiS2,3,-18.339142142683514,187,0,78,1,0,3.020062221279696,3.8981069388559506,-3.4905032669585777e-10,-0.49084983478025895,0,5.098616873293955,5.098616873293951,0.36638927140424565,,,,,,,1.3209882553144543,1.3296013616506033,0,2,0.0,0.0,0.14464032229737475,-1.1644198134541348,0,,,,,,,0,0.0,0.0,,,2.207554722720058,-7.487918071190295,-5.280363348470237,-6.4870821941226176,0.9768689885650591
MoTe2,3,-18.51337752553299,187,0,78,1,0,3.610199999999999,4.754314333784807,-3.266615155484621e-14,2.5924296586317076e-15,1,9.468330635573816,9.468330635573825,0.46700584531721523,1.032273439662999,10.500604075236815,1.035044950538576,10.503375586112401,0.003509653058365255,0.4705154983755805,0.4720107813973335,0.5794869918760435,0,2,0.0,0.0,7.401486830834377e-17,-0.3005233594690064,0,,,,,,,0,0.0,0.0,,,1.5626285814924223,-4.719767459126061,-3.1571388776336384,-3.9384531683798496,0.4550100661227572
ZrSe2,3,-18.470336634042514,164,1,72,0,0,3.1612106102641775,3.81934088950746,4.760918235733672e-14,-7.66445935073825e-14,1,6.558340890361878,6.55834089036188,0.3845394780347303,31.216543281281727,37.774884171643606,31.251367825284706,37.809708715646586,0.01846670077152209,0.4030061788062524,0.6115361673788087,0.19765485648017606,0,2,0.0,0.0,0.0,-1.3672498309035443,0,,,,,,,0,0.0,0.0,,,1.69120135549301,-6.310489008648394,-4.619287653155383,-5.464888330901888,0.3813052403153976
ZrSe2,3,-18.038214523460404,187,0,78,1,0,3.3731489229096248,4.022589087646057,-5.3798802606036594e-14,-0.2535811656027932,0,4.843985396250304,4.843985396250302,0.40812532279515096,,,,,,,0.9311234152211327,0.9981212607088863,0,2,0.0,0.0,0.14404070352737008,-1.2232091273761743,0,,,,,,,0,0.0,0.0,,,2.182697769346658,-7.239333072952976,-5.056635303606319,-6.172338895006853,0.9193978986442418
HfBr2,3,-14.145216237427833,187,0,78,1,0,3.6973960898101064,3.985772779543784,1.1701044934609577e-08,-4.009373781942416e-15,1,5.194538761066577,5.194538761066575,0.40416044550943553,0.26409745997829304,5.458636221044871,0.2637648407832293,5.458303601849804,0.007316915623109532,0.41147736113254507,0.7137049570562735,0.34997981303574577,0,2,0.0,0.0,0.006619349294049688,-1.156654875069502,0,,,,,,,0,0.0,0.0,,,1.7592052825955982,-3.983873156609627,-2.224667874014029,-3.162904291428587,0.8083211625734403
MoO2,3,-27.388485119966422,187,0,78,1,0,2.4500007167386437,4.1282673915061325,-1.6793185867426306e-14,-1.2116624723487126e-14,1,4.012267913009548,4.012267913009545,0.24705858632845595,0.7869290174297187,4.799196930439267,0.7949224178749574,4.807190330884502,0.00870145744713492,0.25576004377559086,0.41889813567489875,0.7634431054139431,0,2,0.0,0.0,0.0280620116981171,-1.979256807999711,0,,,,,,,0,0.0,0.0,,,2.3167587021309046,-6.913336824298944,-4.596578122168039,-5.754957473233492,0.7876720183393643
HgI2,3,-4.345323459867086,187,0,78,1,0,3.8356209996803123,3.40358138345678,-7.664081123131386e-11,-1.5557780951183309,0,3.3487220973379017,3.3487220973378986,0.4577567154627968,,,,,,,0.5435520891942334,0.5608995539972289,0,2,0.0,0.0,0.18887672842878947,-0.16769001195426161,0,,,,,,,0,0.0,0.0,,,2.0690406935511327,-6.755105458208744,-4.686064764657612,-5.761854366984711,0.7962124199020479
NiO2,3,-19.622281704409026,164,1,72,0,0,1.8988213074822156,2.95021924646025,-8.387257593256185e-10,-7.573290545544511e-15,1,4.467333214804636,4.467333214804636,0.24839139490744502,1.2314391029147767,5.698772317719413,1.2332909140127362,5.700624128817372,0.003710113769207819,0.2521015086766528,0.9478327453989495,13.57758086966933,0,2,0.0,0.0,0.0,-0.7088421674728119,0,,,,,,,0,0.0,0.0,,,2.3464667865218782,-8.200599770901498,-5.854132984379619,-7.027366377640558,1.2121363390942694
OsBr2,3,-13.297949896169285,164,1,72,0,0,2.5254900989555935,3.3888247881060956,2.130462880427035e-13,-3.528957696202145e-15,1,3.701061308117669,3.701061308117669,0.3248177388099032,,,,,,,0.7383587932277864,2.013291772274413,0,2,0.0,0.0,0.402396318972025,0.35400055565539645,0,,,,,,,0,0.0,0.0,,,2.463474323702265,-4.822618858283237,-2.3591445345809716,-3.590881696431999,1.234527048237509
WSe2,3,-20.23394890963929,187,0,78,1,0,3.3585528043928186,4.6892758665532925,7.96146364817403e-11,-3.512239176863594e-15,1,6.590044311772052,6.590044311772048,0.41156286147966037,0.13161260525085988,6.721656917022912,0.13175035872185842,6.721794670493907,0.0007755009565511961,0.4123383624362116,0.3526484956268399,0.39679317981721296,0,2,0.0,0.0,0.0,-0.5943745345874092,0,,,,,,,0,0.0,0.0,,,2.1039151217748224,-5.316071917472674,-3.212156795697851,-4.264114356585262,0.48001199602049094
HfSe2,3,-18.518857514424067,164,1,72,0,0,3.151778041556679,3.8675610905851654,-9.670397739618788e-13,-1.5872084035015166e-14,1,5.380590014553238,5.380590014553239,0.3748443208202123,22.092868223028866,27.473458237582104,21.570756729776395,26.951346744329634,0.016806219169942193,0.3916505399901545,0.612794667123515,0.19855216810995072,0,2,0.0,0.0,0.0,-1.3490497529374856,0,,,,,,,0,0.0,0.0,,,1.7875725260027142,-6.325118748782955,-4.537546222780241,-5.431332485781597,0.39851809134131555
HfSe2,3,-17.99813939565576,187,0,78,1,0,3.3650919482088693,4.080647830074838,-2.1490182364008678e-09,-4.276323873812792e-14,1,4.380249740776928,4.380249740776927,0.3975545718600775,3.288707257317103,7.66895699809403,3.288599229756365,7.668848970533292,0.019315061476733432,0.41686963333681093,0.7530014696974195,1.2733813666496905,0,2,0.0,0.0,0.17357270625610255,-1.175477046681383,0,,,,,,,0,0.0,0.0,,,2.1152631792209284,-7.221692184481245,-5.106429005260316,-6.164060594870781,0.9456229911395138
RuI2,3,-12.309284067429923,164,1,72,0,0,2.810323343580386,3.7477735448659066,-1.444004252047979e-13,-8.370192880548261e-15,1,5.027978191815422,5.027978191815422,0.39251872164205054,0.0318241713347209,5.059802363150143,0.03161002123985033,5.059588213055273,0.00023010144065763373,0.3927488230827082,0.5192389938786256,4.160371714079122,0,2,0.0,0.0,0.10248746994570795,0.036925499288477326,0,,,,,,,0,0.0,0.0,,,1.9877434408213337,-4.620565257626956,-2.632821816805623,-3.6266935372162896,0.9936969146455907
NiS2,3,-16.158384140980687,164,1,72,0,0,2.3508678564505123,3.4682403285034864,6.761238645465868e-11,-5.774190924445022e-15,1,10.609299653352467,10.609299653352451,0.3554219629061981,0.35628592733700015,10.965585580689467,0.35649014983120014,10.965789803183652,6.40368101775594e-05,0.3554859997163757,0.3256070997119076,0.8376176004077466,0,2,0.0,0.0,0.04895481153873982,-0.251673800260086,0,,,,,,,0,0.0,0.0,,,1.8677373886993,-6.5226320875233,-4.654894698824,-5.58876339317365,0.44963033464307967
PdS2,3,-12.562925855899303,164,1,72,0,0,2.490143666809061,3.4887318117185657,2.623848846742535e-10,-1.099987692929666e-14,1,7.543545956031743,7.543545956031741,0.35677795078752683,0.8366883489915138,8.380234305023256,0.835931700935684,8.379477656967424,3.85331291259094e-05,0.3568164839166527,0.3445279042847811,2.6562169233709154,0,2,0.0,0.0,0.10090480926394936,-0.19558725895665555,0,,,,,,,0,0.0,0.0,,,2.440632536986956,-7.042620334263061,-4.601987797276105,-5.822304065769583,0.5929245311267205
SnS2,3,-12.557525316341145,187,0,78,1,0,3.228362532809033,3.784200018124422,1.2983267219756138e-14,-1.651854676304907,0,3.5612016959013326,3.561201695901335,0.3941461171293249,,,,,,,0.4423446623469239,0.570555681941966,0,2,0.0,0.0,0.2864884934524354,-0.1150411326754212,0,,,,,,,0,0.0,0.0,,,2.288278398597215,-7.48694508184094,-5.198666683243725,-6.465022600103477,1.1413265975841274
BiClSe,3,-11.984952410379057,156,0,69,3,0,3.285951030207068,3.0382447181015646,0.0503044044009447,-2.7489066486247963e-15,1,3.627158262170037,3.627158262170039,0.3765689624625336,11.332313820963197,14.959472083133234,10.79160805784635,14.418766320016388,0.03363279043517184,0.41020175289770544,1.1356931751195705,1.1904533868966438,0,2,0.0,0.0,0.0,-0.680957277554862,0,,,,,,,0,0.0,0.0,,,2.2022777939165263,-7.579521855162294,-5.377244061245767,-6.396064601651147,0.731349140289993
ISbTe,3,-9.47226852775072,156,0,69,3,0,4.011600531353912,3.84644103329309,0.0684201588562387,-4.401356504369125e-14,1,6.662125468597506,6.662125468597506,0.49563292334088865,10.206499448463548,16.868624917061055,10.154985591806964,16.81711106040447,0.02301420757456879,0.5186471309154574,2.76018684133222,0.3467990357223251,0,2,0.0,0.0,0.12259283051061054,-0.12762808205106838,0,,,,,,,0,0.0,0.0,,,1.7781870729901832,-6.0492246073761855,-4.271037534386002,-5.160131070881094,0.38566866834643754
ISbTe,3,-9.84004701928255,156,0,69,3,0,3.70528420023198,3.3489973838772737,0.04052949029914877,-7.332836595841424e-15,1,6.767971309407532,6.767971309407526,0.463175347776439,14.12367696075079,20.89164827015832,11.060252378542575,17.8282236879501,0.016300739176322403,0.4794760869527614,2.5480312454124694,1.0693263641822894,0,2,0.0,0.0,0.0,-0.25022091256167894,0,,,,,,,0,0.0,0.0,,,1.6763317600369703,-6.0727307217918725,-4.396398961754903,-5.234564841773388,0.4944113416517447
BiIS,3,-11.09084456830049,156,0,69,3,0,3.7833839866396852,3.756916597874618,-0.012043135305275685,-2.8259479067665223e-14,1,4.106626593132567,4.106626593132611,0.44789024280206896,7.684288050163351,11.790914643295919,7.6922838900229955,11.798910483155606,0.02745359793914631,0.4753438407412153,0.8462510483292698,0.33739583394809736,0,2,0.0,0.0,0.1396479356390993,-0.2867231048153596,0,,,,,,,1,0.0,0.0,,,1.7329251483469221,-6.831108484843497,-5.098183336496575,-5.964645910670036,0.5036668396281848
BiIS,3,-11.466652349514302,156,0,69,3,0,3.515235923109964,3.283309366480107,-0.03425168101740312,-3.485438126404662e-14,1,4.476415029013935,4.47641502901394,0.4216683628180349,14.17237910118144,18.648794130195373,14.176579853338675,18.652994882352615,0.02114257296979955,0.4428109357878344,3.4707723360207825,0.46315596830212263,0,2,0.0,0.0,0.014378675234495356,-0.4119923652199636,0,,,,,,,0,0.0,0.0,,,2.0419783102380995,-7.18800782981805,-5.14602951957995,-6.1369265950689025,0.5806083756621223
ClSbSe,3,-11.285436660988161,156,0,69,3,0,3.2478999218201494,3.058976793463008,0.06291029479474783,-7.963143632397495e-15,1,4.134008295215382,4.1340082952154,0.3784394686718192,22.00515113808725,26.13915943330263,22.050826656648304,26.184834951863706,0.028616540347664834,0.407056009019484,1.1987616362223967,0.992567183173119,0,2,0.0,0.0,0.0038446805991199096,-0.5371298873350039,0,,,,,,,0,0.0,0.0,,,2.403756881811299,-7.238080365435863,-4.834323483624564,-6.036201924530214,0.7905525324207446
AsITe,3,-9.717994882794184,156,0,69,3,0,3.463794444600784,3.3692496129534746,0.04411183892098585,-1.4467424377325042e-13,1,8.457448812870828,8.457448812870833,0.4522318799338834,17.965096643008636,26.422545455879465,17.94351325587974,26.400962068750573,0.012470082966548874,0.4647019629004323,2.087676457563124,0.5809005909666162,0,2,0.0,0.0,0.0,-0.12388348171167667,0,,,,,,,0,0.0,0.0,,,1.794577516976123,-6.005337040689957,-4.2107595237138336,-5.06924943712278,0.4749412313128746
ClSbTe,3,-10.360815520949135,156,0,69,3,0,3.64835847830682,3.5691415933584345,0.14093626632640638,-0.12390238141036683,0,5.059915297705099,5.059915297705085,0.4294381481473208,,,,,,,0.6670176101358806,0.3908850613452194,0,2,0.0,0.0,0.14469203235277264,-0.32158747493048406,0,,,,,,,0,0.0,0.0,,,2.3503167851553193,-6.901674484582446,-4.551357699427127,-5.868409523547431,0.566209381399347
ClSbTe,3,-10.794891618007453,156,0,69,3,0,3.3203070161673605,3.0886440028184676,0.10095715346526082,-9.414604268315285e-15,1,4.932315156771154,4.932315156771151,0.39697988247477284,19.51750332228476,24.449818479055914,19.548106184476588,24.480421341247737,0.03173149513517455,0.4287113776099474,0.17905622907058974,1.1398475281009537,0,2,0.0,0.0,0.0,-0.4662795072832567,0,,,,,,,0,0.0,0.0,,,2.3824329746395554,-6.9303772681599884,-4.547944293520434,-5.5244356181432694,0.569400556059181
WSeTe,3,-19.143424909433765,156,0,69,3,0,3.494570861707059,4.848933185567017,-0.038283218681065885,-1.8287173515691547e-15,1,7.785100607191239,7.785100607191232,0.43995986191742137,0.44781987446844,8.23292048165968,0.4462388516521708,8.231339458843403,0.0015360494943817678,0.4414959114118031,0.47262666328041947,0.3999551398909203,0,2,0.0,0.0,0.04153968252668901,-0.3235311687940552,0,,,,,,,0,0.0,0.0,,,1.8003597541082819,-5.08534926388451,-3.284989509776228,-4.2154682232461065,0.454519493187714
BrSbSe,3,-10.805612244234878,156,0,69,3,0,3.417605546575845,3.107638052760347,0.03848584161515551,-3.1916224476402406e-14,1,4.780029799223636,4.780029799223611,0.40663595304851047,19.505669345503,24.285699144726635,19.542848440368186,24.322878239591795,0.021204174101238555,0.427840127149749,5.3052249153336755,0.8254072195772276,0,2,0.0,0.0,0.0,-0.44402805723745625,0,,,,,,,0,0.0,0.0,,,2.1635891881232383,-6.897963376696904,-4.734374188573666,-5.816168782635285,0.7618343241073415
AsClTe,3,-10.088440089889145,156,0,69,3,0,3.4784943570446494,3.5860386035660463,0.15919440414934158,-0.50885216602074,0,6.2004425653937485,6.200442565393737,0.4261193845146728,,,,,,,1.1040614337522605,0.46823468970939,0,2,0.0,0.0,0.18576717438502865,-0.1451422792232743,0,,,,,,,0,0.0,0.0,,,2.2034586523305695,-6.905623298540188,-4.702164646209619,-5.872151745693966,0.6085829078054816
HfBrCl,3,-14.886924666459048,156,0,69,3,0,3.5733663267061964,4.07721291432388,0.02038781893037488,-5.178256026641247e-16,1,4.763939409303641,4.763939409303647,0.37944283537419926,0.3453298396284465,5.109269248932088,0.3442965670099741,5.108235976313621,0.009241229627413148,0.3886840650016124,0.7525744129244482,0.37666163431192745,0,2,0.0,0.0,0.01796121592573711,-1.3370513759263603,0,,,,,,,0,0.0,0.0,,,1.9263403681359859,-4.179072122947997,-2.252731754812011,-3.267635988261025,0.8454041830483175
ZrBrCl,3,-15.310026091909759,156,0,69,3,0,3.5316205248414816,3.955039923320671,0.02241806978141293,-4.608027643933776e-15,1,5.460005128677911,5.460005128677913,0.3797462533213365,0.1746037921445793,5.63460892082249,0.1739754096306414,5.633980538308554,0.009078254751517648,0.3888245080728541,0.9288855802491738,0.4343984874485945,0,2,0.0,0.0,0.009842096023417568,-1.5124588891698398,0,,,,,,,0,0.0,0.0,,,1.8777746550154282,-4.231665947637407,-2.353891292621979,-3.3592657748045767,0.8732104625938208
ZrBrI,3,-13.723863664315415,156,0,69,3,0,3.7616759286380583,4.1631859853158915,-0.027396853899428943,-1.9169853240063962e-15,1,6.654068991580449,6.654068991580415,0.4316037875549102,0.07907401526064334,6.733143006841093,0.07699061392837989,6.731059605508794,0.004925320128957006,0.4365291076838672,0.8948147521269744,0.4151113471458807,0,2,0.0,0.0,0.03929636120306205,-1.085961018158449,0,,,,,,,0,0.0,0.0,,,1.589703087995478,-3.884161029918609,-2.294457941923131,-3.156659265600144,0.7597804511293628
BiClTe,3,-11.069258202750731,156,0,69,3,0,3.6900283736024706,3.538646408418378,0.12940493622357993,-3.0518540351158057e-13,1,4.313795127315813,4.313795127315821,0.42761539868004445,10.656856804854813,14.970651932170625,10.692619027472176,15.006414154787997,0.03996750580229104,0.46758290448233547,1.6119189886071685,0.22360484346466605,0,2,0.0,0.0,0.1391662479614335,-0.4683905092872423,0,,,,,,,1,0.0,0.0,,,1.6758524104962518,-6.773428385308577,-5.097575974812325,-5.9355021800604515,0.4642851149661572
BiClTe,3,-11.45763786893791,156,0,69,3,0,3.3766289131277976,3.0665014500347247,0.08744287138704485,-5.832330112078703e-15,1,4.415940985443547,4.415940985443544,0.3972218691119094,12.5884166798183,17.004357665261846,12.606976378310753,17.022917363754296,0.036087199896538996,0.43330906900844834,1.3908116767285745,0.3779162637965796,0,2,0.0,0.0,0.009706359232373915,-0.5978503980163019,0,,,,,,,1,0.0,0.0,,,1.7362965604386607,-6.887890646423118,-5.151594085984458,-6.004475734415671,0.46365736674578495
MoSTe,3,-20.12363324502623,156,0,69,3,0,3.3734509300510886,4.729225694421586,-0.07897747841728872,-1.2378672369497531e-14,1,8.328222453467152,8.328222453467145,0.4223855184073488,0.7943252995438722,9.122547753011025,0.7834384670856419,9.111660920552787,0.0013951068341189578,0.42378062524146776,0.6474203148860102,23.00452822179973,0,2,0.0,0.0,0.0645359839860576,-0.5461894681248936,0,,,,,,,0,0.0,0.0,,,1.9880960806569,-5.398353613854009,-3.4102575331971092,-4.418613328281745,0.5086948435605122
HfSSe,3,-19.478898274085598,156,0,69,3,0,3.0211186803984837,3.526059773672264,0.00095385021585115,-7.218450515551042e-16,1,4.644631846219045,4.644631846219044,0.3550737374593527,16.8375938765986,21.482225722817645,16.64237767194385,21.287009518162897,0.017984594336121245,0.373058331795474,1.0765464853188036,0.25006905709056704,0,2,0.0,0.0,0.002648541471199195,-1.4706421759246258,0,,,,,,,0,0.0,0.0,,,2.1754549854047704,-6.862027669398568,-4.6865726839937984,-5.774300176696183,0.4821386850423758
HfSSe,3,-18.900147523260806,156,0,69,3,0,3.2453489361576535,4.0485173013561,0.0026780336105201165,-2.28803579823293e-14,1,4.072369639953571,4.072369639953569,0.37828551540377425,3.123096544575321,7.195466184528892,3.123531642345274,7.195901282298843,0.020935017546946974,0.39922053295072124,0.8253577757996116,1.276902647478851,0,2,0.0,0.0,0.19556545841279652,-1.2777252589830284,0,,,,,,,0,0.0,0.0,,,2.1754549854047704,-7.384485197082405,-5.209030211677634,-6.29675770438002,1.0209006960675457
HfClI,3,-13.865574136279426,156,0,69,3,0,3.669543974236645,4.289003668827023,-0.04222894450169965,5.558072081521251e-16,1,5.558280032666028,5.558280032666027,0.40838295721840157,0.3007022606760089,5.858982293342037,0.3008331940143194,5.859113226680346,0.007518192030804924,0.4159011492492065,0.7869662425227023,0.4114365023333127,0,2,0.0,0.0,0.14043629829997473,-1.0319844952329955,0,,,,,,,0,0.0,0.0,,,1.783094939480677,-4.028816127605193,-2.2457211881245165,-3.1935359708802813,0.7385974217680191
AsBrTe,3,-10.18609094650988,156,0,69,3,0,3.3086524509976627,3.1597407670470505,0.089187662036882,-1.2214515323596086e-14,1,6.708968478363143,6.70896847836315,0.42019920313393044,19.461024431075717,26.16999290943886,19.482851523349662,26.191820001712813,0.017703948676418148,0.4379031518103486,0.8726201418828132,0.9381867366394449,0,2,0.0,0.0,0.0,-0.24453220691706612,0,,,,,,,0,0.0,0.0,,,2.227078656701617,-6.582042317475283,-4.354963660773666,-5.468502989124474,0.585246322126203
AsBrTe,3,-9.697285081081043,156,0,69,3,0,3.6304489155614457,3.6250138262913802,0.12284851049578985,-1.0052334188336387e-14,1,7.008894982511758,7.0088949825117535,0.4540268655732301,166.12262008664612,173.13151506915787,167.99141037766606,175.0003053601778,0.02214151849464074,0.4761683840678708,0.5841414996154947,0.4448416474656098,0,2,0.0,0.0,0.16293528847627906,-0.08159691844078705,0,,,,,,,0,0.0,0.0,,,1.9629726404530823,-6.526741166440514,-4.563768525987431,-5.521296881338067,0.5268962098197676
HfBrI,3,-13.230398549771522,156,0,69,3,0,3.793941766555295,4.290220414432282,-0.022709820209921728,-1.0132610793568579e-15,1,5.957553528130044,5.957553528130035,0.43256265875031474,0.16621226762245148,6.123765795752495,0.16645469213176797,6.1240082202618025,0.004999770836468849,0.4375624295867836,0.6867983946940135,0.3444360814060908,0,2,0.0,0.0,0.08878527176160134,-0.8870989418839083,0,,,,,,,0,0.0,0.0,,,1.61179456060003,-3.8203642546916674,-2.2085696940916373,-3.0743312053497607,0.6997318980576521
ISSb,3,-10.366485803029045,156,0,69,3,0,3.741086114194922,3.7929204783809043,-0.007274592528797206,-7.249744862738173e-14,1,5.10691179827737,5.106911798277368,0.4485893549776744,12.590334886281333,17.697246684558703,12.58795584590189,17.694867644179258,0.024331957574768973,0.47292131255244335,0.7597180406569221,0.3607265633238598,0,2,0.0,0.0,0.202143941015132,-0.13461470930198458,0,,,,,,,0,0.0,0.0,,,1.80907136015846,-6.503495667698177,-4.694424307539717,-5.598959987618947,0.42378647308896067
ISSb,3,-10.798042636251699,156,0,69,3,0,3.4508756866717656,3.3082107722162633,-0.031643117144400976,-3.1427453901228294e-14,1,5.460583655648199,5.4605836556481995,0.4203400610717384,24.210127574865606,29.670711230513803,24.226293122212525,29.686876777860725,0.017290278000135637,0.43763033907187404,2.4518694314070126,0.7205872100613631,0,2,0.0,0.0,0.05829166327424732,-0.27846698704286926,0,,,,,,,0,0.0,0.0,,,2.2601299379992303,-6.666641134481486,-4.406511196482255,-5.536576165481533,0.7517809104569767
BrSbTe,3,-10.326665163620792,156,0,69,3,0,3.5094367495028926,3.1397453194290517,0.07954239427355497,1.1281334326319141e-15,1,5.5943894565987025,5.594389456598707,0.42748181596146667,16.539714046052527,22.13410350265123,14.270977734819644,19.86536719141835,0.023076000902044508,0.45055781686351115,inf,0.968894084796453,0,2,0.0,0.0,0.0,-0.3770436646412498,0,,,,,,,0,0.0,0.0,,,2.069904978193807,-6.604836885486511,-4.534931907292705,-5.569884396389608,0.5529151915829285
BrSbTe,3,-9.937152420928022,156,0,69,3,0,3.816604432749825,3.613819578031716,0.11144746181974952,-8.573522509199876e-15,1,5.6059021606964,5.605902160696353,0.45890576859105037,15.505572550182867,21.111474710879268,15.541291457160908,21.147193617857262,0.028492839086442342,0.4873986076774927,0.6449725228221126,0.5076891159730477,0,2,0.0,0.0,0.1298375808975898,-0.24720608374365996,0,,,,,,,0,0.0,0.0,,,2.252901762420853,-6.671939948018354,-4.4190381855975005,-5.479868771176209,0.5742779205635933
BiBrS,3,-12.008661320686633,156,0,69,3,0,3.351924759012565,3.0652021026883176,0.0023585730564900744,-1.629257336356349e-14,1,3.6153945325061962,3.6153945325061905,0.3883601934796348,10.024018296634097,13.639412829140293,10.99599130060534,14.61138583311153,0.027186099891244542,0.41554629337087934,2.2256051944794697,1.1557434985661006,0,2,0.0,0.0,0.008652783429290286,-0.5572787262442306,0,,,,,,,0,0.0,0.0,,,2.3354056823327856,-7.6792750951191415,-5.343869412786356,-6.433357124137005,0.8217454314863073
MoSSe,3,-21.178248481940923,156,0,69,3,0,3.2324859828602897,4.568107059354485,-0.03817771071544033,-4.6474590103522865e-15,1,6.792817497531385,6.792817497531387,0.3929872740273983,0.22546436949304122,7.0182818670244265,0.2238191590317667,7.016636656563154,0.0007762830853022236,0.3937635571127005,0.48524503475883396,0.5980395140882122,0,2,0.0,0.0,0.009277271529213168,-0.8050632461546362,0,,,,,,,0,0.0,0.0,,,2.3279280396394992,-5.619582695395374,-3.2916546557558743,-4.455618675575624,0.5271678335609751
BiISe,3,-10.620409591999566,156,0,69,3,0,3.9026398817432373,3.772478613540798,0.018269038755825813,-1.030582246942125e-14,1,4.562371310977122,4.5623713109771264,0.4671870320543884,7.156053407458466,11.718424718435589,7.1600265978353645,11.722397908812491,0.025043795021308456,0.4922308270756968,2.383549057066641,0.3745899094611748,0,2,0.0,0.0,0.1144748566998371,-0.3283326096150881,0,,,,,,,1,0.0,0.0,,,1.687110294752456,-6.718388183544253,-5.031277888791797,-5.887182658224872,0.5043393736155997
BiISe,3,-10.963834162099078,156,0,69,3,0,3.6417467275578064,3.302302025022719,-0.007083575124440037,-3.681084958605123e-15,1,4.963943681970351,4.963943681970351,0.44042831655877895,10.951711480328386,15.915655162298737,10.028784707859405,14.992728389829756,0.017248171194493175,0.45767648775327213,1.6944244546872367,2.50351801481014,0,2,0.0,0.0,0.0,-0.44280746631492524,0,,,,,,,0,0.0,0.0,,,1.7717954952529873,-6.886684382973858,-5.114888887720871,-5.975891813712003,0.6741595332193778
BrSSb,3,-11.315229958515648,156,0,69,3,0,3.3132016081403854,3.0892873219473005,0.008570521191291668,-7.10736708963462e-14,1,4.26288404671123,4.262884046711227,0.38958021817229094,23.95477917102154,28.21766321773277,23.978849730428276,28.2417337771395,0.022128839957955303,0.4117090581302462,6.660292315281004,0.8086123158978625,0,2,0.0,0.0,0.054144898208525305,-0.4154794650976766,0,,,,,,,0,0.0,0.0,,,2.419301910035136,-7.167303011428436,-4.7480011013933,-5.843911689709676,0.8819817492316288
MoSeTe,3,-19.327329932292745,156,0,69,3,0,3.476177085655328,4.749492261310478,-0.04034982468474438,-1.4377800508891043e-15,1,8.542343899674,8.54234389967399,0.4400249793630901,0.7455018688235212,9.28784576849752,0.7459727663603044,9.288316666034294,0.002167866816697017,0.4421928461797871,inf,0.6027110013485969,0,2,0.0,0.0,0.024962230928136393,-0.47917619411376816,0,,,,,,,0,0.0,0.0,,,1.8437468794359342,-5.023364575770175,-3.1796176963342404,-4.101491136052208,0.47540087458762226
WSSe,3,-21.217468699445437,156,0,69,3,0,3.2510144188340115,4.68019498165534,-0.03694468256095753,-3.516419747842634e-15,1,6.095788889834637,6.095788889834642,0.3926867204940777,0.10131350247596474,6.197102392310602,0.10164249513978393,6.1974313849744265,0.00044128601959966487,0.39312800651367735,0.4194798517201046,0.3682219940128759,0,2,0.0,0.0,0.010168253372136485,-0.7237933009560878,0,,,,,,,0,0.0,0.0,,,2.3137266925538102,-5.688331935768123,-3.3746052432143134,-4.7099603493255335,0.5068038375547212
AsIS,3,-10.54231755217624,156,0,69,3,0,3.2403094086996287,3.314697107294208,-0.037530952106956575,-2.4049217576787998e-15,1,6.913867720124239,6.913867720124279,0.4105844221957115,25.18861008967793,32.10247780980217,24.40120476847405,31.31507248859833,0.012074226052394032,0.42265864824810556,1.7612221458363193,0.2581679622743106,0,2,0.0,0.0,0.07890510126478804,-0.10757190699717019,0,,,,,,,0,0.0,0.0,,,2.355958357641004,-6.613613362701688,-4.257655005060684,-5.435634183881186,0.4661338726322467
BiBrSe,3,-11.155325038551293,156,0,69,3,0,3.7135245300684083,3.537159136148164,0.05735013537391773,-1.4032734443238026e-14,1,3.8418730046960614,3.8418730046960605,0.4313725182764948,7.612309819853326,11.454182824549388,7.608766530641775,11.450639535337835,0.029664701456724417,0.4610372197332192,2.4351292310563806,0.6525151739011994,0,2,0.0,0.0,0.11133237173612898,-0.47125446243248764,0,,,,,,,0,0.0,0.0,,,2.3506443326608144,-7.501489090280515,-5.150844757619701,-6.326166923950108,0.8499929760930007
BiBrSe,3,-11.48932215375968,156,0,69,3,0,3.461374728579325,3.089088866757243,0.03036053045856733,-5.823107094394672e-14,1,4.0816882464400015,4.081688246440001,0.4055498433458057,13.231856428815263,17.313544675255265,13.212512575585865,17.294200822025864,0.024779628996572125,0.4303294723423778,1.7633951153583391,0.9921033580929578,0,2,0.0,0.0,0.0,-0.5825868341686166,0,,,,,,,0,0.0,0.0,,,2.010009582277624,-7.321323163838282,-5.311313581560658,-6.31631837269947,0.7141562004778848
ZrClI,3,-14.351866640647316,156,0,69,3,0,3.634307036712893,4.161847664144506,-0.0486763313366568,-4.323417758756325e-15,1,6.220282832827361,6.220282832827353,0.407798747960379,0.18794687021818093,6.408229703045542,0.18543915498837168,6.405721987815725,0.007610080938917412,0.4154088288992964,0.9181147934428187,0.48524219618945036,0,2,0.0,0.0,0.07956593295443574,-1.228455701448869,0,,,,,,,0,0.0,0.0,,,1.7441550357160858,-4.072844818074269,-2.328689782358183,-3.200767300216226,0.7999981583190976
AsISe,3,-10.103792741026998,156,0,69,3,0,3.3495279006818706,3.325587197738612,-0.00278873427218949,-3.4952781355301497e-14,1,7.624875898007955,7.62487589800797,0.4290750819066788,24.029923707851996,31.65479960585995,24.03596506168598,31.66084095969395,0.011269390082457257,0.44034447198913607,1.7898269217244116,0.7956177743737498,0,2,0.0,0.0,0.019282203810808102,-0.15981813351412613,0,,,,,,,0,0.0,0.0,,,2.0296108495293725,-6.310809840272557,-4.281198990743185,-5.258366937266716,0.5097767160466965
ISbSe,3,-9.915174644705266,156,0,69,3,0,3.8611588637082797,3.8054726352991093,0.024140768512961326,-2.847574365721041e-14,1,5.6767507046084456,5.676750704608443,0.46856489716998967,10.55224687791416,16.228997582522606,10.554989806512047,16.231740511120492,0.022545474331241915,0.4911103715012316,0.7217175582460981,0.37302141282887286,0,2,0.0,0.0,0.14908617667270185,-0.18259882009409503,0,,,,,,,0,0.0,0.0,,,1.9676903379046289,-6.401722015602608,-4.434031677697979,-5.417876846650293,0.4729641243308236
ISbSe,3,-10.304788928401901,156,0,69,3,0,3.576750629465952,3.322087894044123,-0.002577954404268745,-8.845294226271094e-15,1,6.005005744476785,6.005005744476779,0.4393912294257669,17.888679366197746,23.893685110674532,14.129350920093353,20.13435666457013,0.01503414652632188,0.4544253759520888,2.1222158892068173,0.7249018414441063,0,2,0.0,0.0,0.01921474877382323,-0.3124702479929737,0,,,,,,,0,0.0,0.0,,,1.993559096344906,-6.430928237049947,-4.437369140705041,-5.434148688877494,0.6445036055111081
ZrSSe,3,-19.39907680495371,156,0,69,3,0,3.0253879029001745,3.476245301731481,0.0032369717764339145,-3.1830003150076833e-15,1,5.57779451770287,5.577794517702874,0.3647427854711092,20.972546420962672,26.550340938665542,23.035147615672514,28.612942133375387,0.018978816103402137,0.38372160157451135,0.5816933700885402,0.24638383028039773,0,2,0.0,0.0,0.0,-1.47840872430724,0,,,,,,,0,0.0,0.0,,,2.2055035897834347,-6.847580830570361,-4.642077240786926,-5.828361997720434,0.44293603646103286
ZrSSe,3,-18.908742508248224,156,0,69,3,0,3.2509780977468514,3.988638918574388,0.0057486586416231455,-0.1818128934915502,0,4.5400594997901615,4.540059499790163,0.38889502553038935,,,,,,,1.1249777481610423,1.1003087770795497,0,2,0.0,0.0,0.16344476556849585,-1.314963958738744,0,,,,,,,0,0.0,0.0,,,2.2055035897834347,-7.359974447413268,-5.154470857629833,-6.340755614563341,0.976739811860699
BiBrTe,3,-10.97526561812054,156,0,69,3,0,3.564754074221371,3.1201078611095947,0.07024775501015322,-2.100525963224879e-14,1,4.85511155817339,4.855111558173387,0.42681848371850534,12.0353009134464,16.89041247161979,12.050399287347824,16.90551084552121,0.026489786985368798,0.45330827070387414,1.40833740649888,0.6900647680162185,0,2,0.0,0.0,0.0,-0.503899289897392,0,,,,,,,1,0.0,0.0,,,1.690406747707645,-6.835871444907612,-5.145464697199968,-5.936415033289647,0.49132417912157567
BiBrTe,3,-10.625335428582115,156,0,69,3,0,3.8539509510534353,3.5815714591314824,0.10274435465540226,-2.395083079283591e-14,1,4.6807097414172905,4.680709741417293,0.4567685551674213,8.517772123426274,13.198481864843565,8.498735236050628,13.17944497746792,0.03134540010242351,0.4881139552698448,1.3419424313488821,0.27447153381020084,0,2,0.0,0.0,0.1166433965128082,-0.38725589338458377,0,,,,,,,1,0.0,0.0,,,1.6319784046305772,-6.670040052897542,-5.0380616482669645,-5.854050850581418,0.45702328849559465
WSTe,3,-20.02552643347167,156,0,69,3,0,3.3904688853807077,4.834302671163785,-0.07577748700040038,-3.0197523687090234e-15,1,7.4396677092605366,7.439667709260533,0.4215693308126437,0.5183723599487179,7.958040069209255,0.521114627319779,7.960782336580312,0.0009871565894413738,0.42255648740208507,1.1309515349071648,9.606145214549297,0,2,0.0,0.0,0.08551402448823946,-0.41914384657331993,0,,,,,,,0,0.0,0.0,,,2.0650371304797037,-5.502781297395347,-3.4377441669156434,-4.497304588174869,0.5015250441986073
AsBrSe,3,-10.613930839605173,156,0,69,3,0,3.2261026078055064,3.1091149689185613,0.04397645399765566,-4.714188370493036e-14,1,5.8134463809641925,5.813446380964169,0.4001692656888272,21.79060233491236,27.60404871587655,21.748395597521714,27.561841978485884,0.015890159625309302,0.41605942531413653,5.608213215914653,0.7368642677917909,0,2,0.0,0.0,7.401486830834377e-17,-0.2944808703403415,0,,,,,,,0,0.0,0.0,,,2.273741430126045,-6.802627807191834,-4.528886377065788,-5.665757092128811,0.7167257818787408
Pb2S2,4,-17.729539115201135,129,1,64,4,2,2.821410926562577,3.3873763915573223,2.5201028336829222e-05,-2.746647430399666e-13,1,6.009602641093676,6.008818961875229,0.40385165326700917,413.64791179293906,419.65751443403275,421.8029466210298,427.811765582905,0.046568513721135664,0.45042016698814485,0.14344489655236783,0.2398833165875603,0,2,0.0,0.0,0.05400716573533959,-0.5140428986264567,0,,,,,,,0,0.0,0.0,,,2.2253746052875316,-5.409518471333252,-3.1841438660457198,-4.296831168689486,0.5705548917698136
F2Si2,4,-21.040747639358514,164,1,72,0,0,3.9886851313004463,2.6633805763607104,2.5145164034531813e-11,-1.784088326545181e-14,1,3.2045263916762,3.2045263916805387,0.25054262027685675,0.260112049220155,3.464638440896355,0.2607132617513247,3.4652396534318632,0.036155792099410264,0.28669841237626703,0.2387931506499204,0.21502810678679563,0,2,0.0,0.0,0.18055194547709252,-1.767307916085655,0,,,,,,,1,0.0,0.0,,,2.3327620780818847,-7.634056339015727,-5.301294260933842,-6.467675299974784,0.7268254251616024
Tl2S2,4,-13.732008502007714,187,0,78,1,0,5.281602124719966,4.014933283162254,-2.0976775416622048e-13,-1.8917964305857195e-14,1,4.748837273603946,4.748837273603945,0.5549385009295235,4.156523862147137,8.905361135751082,4.1569159824100135,8.90575325601396,0.02765582724190616,0.5825943281714296,0.2485139541470849,2.3887539547682635,0,2,0.0,0.0,0.11891256071551137,-0.14502022754655197,0,,,,,,,0,0.0,0.0,,,1.6440623837972739,-7.254800576216512,-5.610738192419239,-6.432769384317876,0.7258816228414812
Ge2H2,4,-15.351012232435705,164,1,72,0,0,3.861693496019293,1.9646242544393955,-1.2698585029767248e-07,-3.8086693207031755e-14,1,2.8289630453028285,2.8289630453059367,0.2834318236597737,0.7125738584652245,3.541536903768053,0.7143463308576187,3.5433093761635552,0.00557830241106255,0.28901012607083626,0.07364126373617051,0.09935763602275659,0,2,0.0,0.0,0.08242257688746202,0.08242257688746202,0,,,,,,,0,0.0,0.0,,,2.35348848688352,-5.732869427612135,-3.3793809407286153,-4.5561251841700745,0.3852096920160507
InN,2,-10.1509901353283,187,0,78,1,0,0.0,2.0772942007172315,-1.3571432496356225e-14,-3.728544424332663e-14,1,3.8234063617281824,3.823406361728184,0.2110926274627317,,,,,,,0.10093841926563843,1.7214912424664863,0,2,0.0,0.0,0.48229007117008393,0.48229007117008393,0,,,,,,,1,0.0,0.0,,,1.9140172880411677,-5.8553200001014165,-3.941302712060249,-4.86443534958167,0.5165018188154276
InAs,2,-7.135231635496539,156,0,69,3,0,0.6570760074428827,2.018946385840248,-0.08385178650638607,-3.1289766627109715e-13,1,4.917475780337307,4.9174757803373055,0.2471212810940657,1.0669216935048529,5.98439747384216,1.0674271270089963,5.984902907346302,0.008566030320851958,0.25568731141491763,1.1596982039994201,0.1229610034467585,0,2,0.0,0.0,0.39966034141450635,0.1454677405461413,0,,,,,,,1,0.0,0.0,,,1.6869894649408694,-5.704655845367704,-4.017666380426833,-4.8611611128972685,0.3587155357182429
Se2Si2,4,-17.50599314497819,31,0,32,5,1,2.5116440774343953,3.1830017254869523,1.3352579672318162e-06,-6.626436774723353e-13,1,4.764129650386287,4.367422307412271,0.375621142473408,1.7756980635452029,6.53982771393149,1.8383854412140899,6.205807748626361,0.01257888289401348,0.3882000253674215,0.34246045144051707,0.342728853005037,0,2,0.0,0.0,0.40219684061114375,0.0644530431454724,0,,,,,,,0,0.0,0.0,,,2.4382604342451364,-6.001586955269742,-3.5633265210246057,-4.782456738147173,0.8064184425274976
Sn2Se2,4,-16.63335702457662,31,0,32,5,1,2.75852688229722,3.3942099688054945,-3.765815221550174e-05,-3.143899171742627e-12,1,9.348809833975318,9.72622883286518,0.41478672861263616,25.835218774092148,35.184028608067464,57.85793563056302,67.5841644634282,0.02706043879172225,0.4418471674043584,0.12641335966321035,0.1338580324651802,0,2,0.0,0.0,0.04291684954166897,-0.3888036835480513,1,218.95055996001187,,,,,,0,0.0,0.0,,,1.6285283424022705,-5.01700573773827,-3.3884773953359995,-4.202741566537135,0.44438732182753515
GaAs,2,-7.437833723911993,156,0,69,3,0,0.6018651746990678,1.941693414525675,-0.06252761905621913,-1.7964148738577054e-14,1,4.162968940063766,4.162968940063766,0.2356782622729723,0.8728665573097922,5.035835497373558,0.8712440402271765,5.034212980290942,0.005437847295342709,0.24111610956831503,inf,0.6321774676090463,0,2,0.0,0.0,0.41279886741130234,0.06430631597746483,0,,,,,,,0,0.0,0.0,,,2.4897627998599137,-6.013498891649508,-3.5237360917895946,-4.768617491719551,0.3976368002670213
Ge2Se2,4,-16.81808285829648,31,0,32,5,1,2.605269330509315,3.310742823784257,-3.536713712099922e-05,-3.8103713550005673e-13,1,8.058847257834294,8.908672739522778,0.3839345074177874,6.655145903068406,14.7139931609027,19.914330210996365,28.823002950519143,0.016020287237695278,0.39995479465548267,0.1742968981783173,0.16934162211008358,0,2,0.0,0.0,0.024886527032165873,-0.2051931743379809,1,357.1828502132816,,,,,,0,0.0,0.0,,,1.8614327914429276,-5.107526502639434,-3.2460937111965067,-4.185433305235902,0.43635055562091885
Pb2Se2,4,-16.523431997416186,129,1,64,4,2,2.855606464305273,3.4946032191709335,3.956412486791476e-05,-2.1578642558450564e-12,1,8.547679302138867,8.542876406307215,0.4197290145971436,227.48342142348488,236.03110072562376,223.14652983715794,231.68940624346516,0.038208349475224924,0.45793736407236857,0.09963544046598932,0.11194415311530621,0,2,0.0,0.0,0.07232423432661417,-0.5101478645302744,0,,,,,,,0,0.0,0.0,,,1.622846364219939,-5.261230706632946,-3.638384342413007,-4.449807524522977,0.5412368152196962
In2Te2,4,-13.336590915754165,187,0,78,1,0,5.57409642730853,3.879854665531587,3.1717648463530885e-12,-3.050183302202089e-14,1,5.355912282730528,5.355912282730534,0.606869426991804,2.3192380505961636,7.675150333326691,2.318993763869916,7.67490604660045,0.0164609905378213,0.6233304175296254,0.1597586819298142,2.3831914961439753,0,2,0.0,0.0,0.0,-0.35021370961332643,0,,,,,,,0,0.0,0.0,,,2.3619934395706057,-6.1504785662243675,-3.788485126653762,-4.969481846439065,0.4721190336578681
InP,2,-7.753161473536454,156,0,69,3,0,0.49490528113038224,2.0488800970815433,-0.0841598644423174,-1.0571776369820838e-13,1,3.497870226468857,3.4978702264688573,0.2356438026266328,0.946551437902772,4.444421664371629,0.9463787972365981,4.4442490237054555,0.023180798665843782,0.2588246012924766,0.09368425612800046,0.7953187446155545,0,2,0.0,0.0,0.4323393392714814,0.18722328178432912,1,12.54363230242775,,,,,,0,0.0,0.0,,,2.3002400918153736,-6.09758680180368,-3.7973467099883065,-4.947466755895993,0.47573316831098145
BP,2,-12.128016769998176,187,0,78,1,0,0.0,2.2763698677886754,-9.945125868648153e-15,-6.350922609979438e-13,1,4.831527867195917,4.831527867195908,0.19551436321416804,0.14583774848888184,4.977365615684799,0.14697192870163614,4.9784997958975445,0.0003603156291783913,0.19587467884334644,0.18938289555422935,0.17839104178616141,0,2,0.0,0.0,0.3817281651856588,-0.0293913704839186,0,,,,,,,0,0.0,0.0,,,1.8019763514398917,-5.857111286174748,-4.0551349347348555,-4.956123110454802,0.49393071063384436
Cu2S2,4,-15.851113378494462,10,1,14,2,1,2.3571264444528923,2.3857523528759774,3.140274248056709e-05,-7.47113980135521e-12,1,6.340750458525384,2.873978023448647,0.29181201733894163,0.40170532671516423,6.742455785240548,0.018986142686785,2.892964166135432,0.0010396316438894924,0.2928516489828311,0.8054153744348669,2.3692954465358302,0,2,0.0,0.0,0.1265233772185339,-0.08566376633872297,0,,,,,,,0,0.0,0.0,,,1.5839892840258991,-6.535770882625504,-4.951781598599604,-5.743776240612554,0.9494412565029107
In2O2,4,-20.335312218702065,187,0,78,1,0,4.431604444672821,3.9365488188505857,1.7142669133063712e-09,-5.05500045347875e-15,1,2.929637195178034,2.929637195178034,0.43364397665361726,2.2552510376569113,5.184888232834945,2.2556681605770046,5.185305355755038,0.09086053754433586,0.5245045141979531,0.3197413947947248,1.966117416596571,0,2,0.0,0.0,0.20796207838796588,-1.1401672231399722,0,,,,,,,0,0.0,0.0,,,1.8667499072839566,-7.549116145930526,-5.682366238646569,-6.564518395659652,1.0634052199825912
P4,4,-21.30072996278731,53,1,42,6,1,2.109978921279284,3.2326168609374797,7.465530366030869e-06,-2.6942782618118517e-14,1,6.054694677702112,4.532506768262309,0.3428327251574026,0.2319531787778245,6.286647856479936,2.1236734388403763e-09,4.532506770385982,3.1059711805654365e-05,0.34286378486920827,0.4077731803738403,1.0347985715644294,0,2,0.0,0.0,0.03936739665484179,0.03936739665484179,0,,,,,,,0,0.0,0.0,,,2.0250918795203465,-5.955260929584538,-3.9301690500641917,-4.942714989824365,0.623958055160539
As4,4,-18.48505772938068,53,1,42,6,1,2.398794129755429,3.1034062857017055,-7.897531590574252e-14,-2.412147429178112e-12,1,6.3574448746792225,7.485701580812636,0.3779044498909198,4.8905987828059776e-14,6.357444874679271,0.6997750894926059,8.185476670305242,0.00037309152992145094,0.37827754142084125,0.5005615802409027,0.1817895244150577,0,2,0.0,0.0,0.04184453449020964,0.04184453449020964,0,,,,,,,0,0.0,0.0,,,1.796637983908826,-5.444102531144583,-3.647464547235758,-4.545783539190171,0.5657994537805747
