,element_pair,count,mean,median,std,min,max,range,Q1,Q3,IQR
0,Al-As,1,2.985676273058269,2.985676273058269,,2.985676273058269,2.985676273058269,0.0,2.985676273058269,2.985676273058269,0.0
1,Al-O,1,2.568456344201512,2.568456344201512,,2.568456344201512,2.568456344201512,0.0,2.568456344201512,2.568456344201512,0.0
2,Al-S,1,3.7742778524819744,3.7742778524819744,,3.7742778524819744,3.7742778524819744,0.0,3.7742778524819744,3.7742778524819744,0.0
3,Al-Sb,1,2.5576980436291477,2.5576980436291477,,2.5576980436291477,2.5576980436291477,0.0,2.5576980436291477,2.5576980436291477,0.0
4,Al-Se,1,3.537264053076093,3.537264053076093,,3.537264053076093,3.537264053076093,0.0,3.537264053076093,3.537264053076093,0.0
5,Al-Te,1,3.0157179013765862,3.0157179013765862,,3.0157179013765862,3.0157179013765862,0.0,3.0157179013765862,3.0157179013765862,0.0
6,As-Br,6,2.331931548317021,2.3882332251659806,0.22132377766575365,1.9629726404530823,2.5139495749563503,0.550976934503268,2.238744350057724,2.5090227306458157,0.2702783805880915
7,As-Cl,6,2.6519079167374615,2.695262513533829,0.26134842270207603,2.2034586523305695,2.933123404986287,0.7296647526557174,2.569445136311837,2.8164414324852682,0.24699629617343133
8,As-Ga,1,2.4897627998599137,2.4897627998599137,,2.4897627998599137,2.4897627998599137,0.0,2.4897627998599137,2.4897627998599137,0.0
9,As-I,6,1.610960212229447,1.547402332920611,0.5287286976826031,1.0905866051847057,2.355958357641004,1.2653717524562984,1.146157383601559,1.9708525163910602,0.8246951327895011
10,As-In,1,1.6869894649408694,1.6869894649408694,,1.6869894649408694,1.6869894649408694,0.0,1.6869894649408694,1.6869894649408694,0.0
11,As-S,6,2.3672418608456725,2.512535771207733,0.6579098954785807,1.094800795180379,2.933123404986287,1.8383226098059078,2.394749260095532,2.7243601923772607,0.3296109322817289
12,As-Se,6,2.2484408107944476,2.3882332251659806,0.536790013883724,1.3002271488650992,2.8237562216967254,1.5235290728316262,2.090643494678541,2.546119400809126,0.4554759061305851
13,As-Te,6,1.9791170056438094,2.083215646391826,0.5130682253108941,1.0905866051847057,2.59602796221676,1.5054413570320542,1.8366762978453628,2.2211736556088555,0.3844973577634927
14,Au-O,1,0.9700662021916888,0.9700662021916888,,0.9700662021916888,0.9700662021916888,0.0,0.9700662021916888,0.9700662021916888,0.0
15,B-N,1,7.116705582800181,7.116705582800181,,7.116705582800181,7.116705582800181,0.0,7.116705582800181,7.116705582800181,0.0
16,B-P,1,1.8019763514398917,1.8019763514398917,,1.8019763514398917,1.8019763514398917,0.0,1.8019763514398917,1.8019763514398917,0.0
17,B-Sb,1,0.6345497795653061,0.6345497795653061,,0.6345497795653061,0.6345497795653061,0.0,0.6345497795653061,0.6345497795653061,0.0
18,Ba-Br,1,7.283872720656165,7.283872720656165,,7.283872720656165,7.283872720656165,0.0,7.283872720656165,7.283872720656165,0.0
19,Ba-Cl,2,8.695678593532332,8.695678593532332,0.7230343774430557,8.184416082211353,9.206941104853309,1.0225250226419558,8.440047337871842,8.95130984919282,0.511262511320977
20,Bi-Br,6,2.1141242259873616,2.1727076323052046,0.40808012748991723,1.6319784046305772,2.666300606314723,1.0343222016841458,1.7703074563501398,2.346834670078807,0.5765272137286672
21,Bi-Cl,6,2.288889658015555,2.364822627261778,0.515185493338892,1.6758524104962518,2.9797205647901945,1.3038681542939428,1.852791868808127,2.5907092335352577,0.7379173647271307
22,Bi-I,6,1.6757469596304126,1.710017721549689,0.23991069176216098,1.4016523210949021,2.0419783102380995,0.6403259891431974,1.4860427147609458,1.762077908526471,0.2760351937655252
23,Bi-O,1,1.1860031018775041,1.1860031018775041,,1.1860031018775041,1.1860031018775041,0.0,1.1860031018775041,1.1860031018775041,0.0
24,Bi-S,6,2.3806162954382923,2.4313865714699077,0.4468334951843597,1.7329251483469221,2.9797205647901945,1.2467954164432724,2.1153351532617712,2.6315673198877993,0.5162321666260281
25,Bi-Se,6,2.1056101094508457,2.106143688097075,0.35252001772344355,1.687110294752456,2.6118231578446673,0.9247128630922112,1.8313490170091464,2.3135526979747425,0.48220368096559607
26,Bi-Te,6,1.5925344387441909,1.6539154075634146,0.14511197426370584,1.4016523210949021,1.7362965604386607,0.33464423934375853,1.4722597422304762,1.6867681634047966,0.21450842117432045
27,Br-Ca,2,8.022392291790906,8.022392291790906,0.616101141140482,7.586742996993701,8.458041586588111,0.8712985895944101,7.8045676443923035,8.240216939189509,0.43564929479720504
28,Br-Cd,2,5.066060198167503,5.066060198167503,0.5913675844437236,4.647900169033438,5.484220227301568,0.8363200582681305,4.85698018360047,5.275140212734536,0.41816002913406614
29,Br-Cl,3,1.758874801785331,1.8777746550154282,0.2491857184340069,1.472509382204579,1.9263403681359859,0.4538309859314069,1.6751420186100034,1.902057511575707,0.22691549296570357
30,Br-Co,1,1.4009009239092507,1.4009009239092507,,1.4009009239092507,1.4009009239092507,0.0,1.4009009239092507,1.4009009239092507,0.0
31,Br-Cu,1,3.317619448513526,3.317619448513526,,3.317619448513526,3.317619448513526,0.0,3.317619448513526,3.317619448513526,0.0
32,Br-Fe,1,0.7591576216424405,0.7591576216424405,,0.7591576216424405,0.7591576216424405,0.0,0.7591576216424405,0.7591576216424405,0.0
33,Br-Ge,2,4.209202419422557,4.209202419422557,0.11138987529547245,4.130437883245604,4.28796695559951,0.15752907235390534,4.169820151334081,4.248584687511033,0.07876453617695223
34,Br-Hf,3,1.7657800704438713,1.7592052825955982,0.15737594204975872,1.61179456060003,1.9263403681359859,0.31454580753595596,1.6854999215978141,1.842772825365792,0.15727290376797787
35,Br-Hg,2,3.542218829870604,3.542218829870604,0.34407426573569355,3.298921583337113,3.785516076404095,0.4865944930669821,3.420570206603858,3.6638674531373496,0.2432972465334915
36,Br-I,3,1.4666579150867542,1.589703087995478,0.23251478251835334,1.1984760966647547,1.61179456060003,0.41331846393527516,1.3940895923301164,1.600748824297754,0.20665923196763747
37,Br-Mg,2,7.108908552261714,7.108908552261714,0.858943062444289,6.501544088154217,7.716273016369211,1.2147289282149938,6.805226320207966,7.412590784315462,0.607364464107496
38,Br-Mn,1,3.7969124958049347,3.7969124958049347,,3.7969124958049347,3.7969124958049347,0.0,3.7969124958049347,3.7969124958049347,0.0
39,Br-Ni,1,2.611186160364978,2.611186160364978,,2.611186160364978,2.611186160364978,0.0,2.611186160364978,2.611186160364978,0.0
40,Br-Os,1,2.463474323702265,2.463474323702265,,2.463474323702265,2.463474323702265,0.0,2.463474323702265,2.463474323702265,0.0
41,Br-Pb,2,4.321750666257438,4.321750666257438,0.1617277651684544,4.207391866800679,4.436109465714198,0.22871759891351928,4.2645712665290585,4.378930065985818,0.11435879945675964
42,Br-Ru,1,2.403057819504702,2.403057819504702,,2.403057819504702,2.403057819504702,0.0,2.403057819504702,2.403057819504702,0.0
43,Br-S,6,2.508790107028953,2.512535771207733,0.12040814218595011,2.3354056823327856,2.666300606314723,0.3308949239819374,2.442256924391131,2.5834830695457933,0.14122614515466214
44,Br-Sb,6,2.347332051166378,2.3361018362279946,0.22017564943617032,2.069904978193807,2.6066609010756077,0.5367559228818006,2.185917331697642,2.5335506528710026,0.34763332117336043
45,Br-Se,6,2.3120571867572104,2.31219288139343,0.20974588768082644,2.010009582277624,2.571633567149625,0.5616239848720008,2.19112724862394,2.4647048483196405,0.2735775996957006
46,Br-Sn,2,4.135603863689543,4.135603863689543,0.1874415035972684,4.0030627054201116,4.268145021958974,0.2650823165388623,4.069333284554827,4.201874442824258,0.13254115826943114
47,Br-Sr,2,7.8951454664020755,7.8951454664020755,0.5848560032683024,7.481589820473397,8.308701112330754,0.8271112918573564,7.688367643437736,8.101923289366415,0.4135556459286782
48,Br-Te,6,1.972540531684597,2.0164388093234447,0.26402480611431306,1.6319784046305772,2.252901762420853,0.620923357790276,1.7585482208940042,2.1877852370746647,0.42923701618066046
49,Br-Ti,3,1.3640479419631806,1.4211583470202078,0.14567003525183558,1.1984760966647547,1.472509382204579,0.2740332855398242,1.3098172218424813,1.4468338646123935,0.1370166427699122
50,Br-V,1,3.34975515620883,3.34975515620883,,3.34975515620883,3.34975515620883,0.0,3.34975515620883,3.34975515620883,0.0
51,Br-Y,1,1.5740919111649525,1.5740919111649525,,1.5740919111649525,1.5740919111649525,0.0,1.5740919111649525,1.5740919111649525,0.0
52,Br-Zn,2,5.3029879382810154,5.3029879382810154,0.793403819647012,4.741966717189304,5.864009159372726,1.1220424421834219,5.022477327735159,5.583498548826871,0.5610212210917114
53,Br-Zr,3,1.7348160936688768,1.7369705379957243,0.14404786757915058,1.589703087995478,1.8777746550154282,0.28807156701995007,1.6633368129956012,1.8073725965055762,0.14403578350997503
54,C-F,1,7.1977921150003255,7.1977921150003255,,7.1977921150003255,7.1977921150003255,0.0,7.1977921150003255,7.1977921150003255,0.0
55,C-H,1,6.415813274418973,6.415813274418973,,6.415813274418973,6.415813274418973,0.0,6.415813274418973,6.415813274418973,0.0
56,Ca-Cl,2,9.356475280873585,9.356475280873585,0.7446372469043028,8.82993723406347,9.883013327683699,1.0530760936202288,9.093206257468527,9.619744304278642,0.5265380468101153
57,Ca-I,2,6.4160843586869785,6.4160843586869785,0.7121879184459283,5.912491452074731,6.919677265299226,1.0071858132244955,6.164287905380855,6.667880811993102,0.5035929066122478
58,Cd-Cl,2,6.269715999049973,6.269715999049973,0.6414156992809062,5.816166608528933,6.723265389571013,0.9070987810420803,6.042941303789453,6.496490694310493,0.45354939052104015
59,Cd-I,2,3.6841444431195907,3.6841444431195907,0.49899842865374705,3.3312992704170945,4.036989615822087,0.7056903454049923,3.5077218567683426,3.8605670294708387,0.35284517270249616
60,Cl-Cu,1,3.447681292109751,3.447681292109751,,3.447681292109751,3.447681292109751,0.0,3.447681292109751,3.447681292109751,0.0
61,Cl-Fe,1,0.921467357645217,0.921467357645217,,0.921467357645217,0.921467357645217,0.0,0.921467357645217,0.921467357645217,0.0
62,Cl-Ge,1,4.929740585270976,4.929740585270976,,4.929740585270976,4.929740585270976,0.0,4.929740585270976,4.929740585270976,0.0
63,Cl-Hf,3,1.9336486992672262,1.9263403681359859,0.1543377562988495,1.783094939480677,2.0915107901850156,0.30841585070433863,1.8547176538083314,2.0089255791605005,0.1542079253521691
64,Cl-Hg,2,4.403988679977388,4.403988679977388,0.30250310060348873,4.190086686210705,4.617890673744072,0.427803987533367,4.297037683094047,4.510939676860731,0.21390199376668395
65,Cl-I,3,1.6366611961013982,1.7441550357160858,0.2207679598133913,1.3827336131074317,1.783094939480677,0.4003613263732453,1.5634443244117588,1.7636249875983814,0.20018066318662253
66,Cl-Mg,2,8.904251600572918,8.904251600572918,0.9818994403088322,8.209943847887267,9.598559353258569,1.3886155053713019,8.557097724230093,9.251405476915743,0.6943077526856491
67,Cl-Mn,1,5.398439495142499,5.398439495142499,,5.398439495142499,5.398439495142499,0.0,5.398439495142499,5.398439495142499,0.0
68,Cl-Ni,1,3.4131438078128324,3.4131438078128324,,3.4131438078128324,3.4131438078128324,0.0,3.4131438078128324,3.4131438078128324,0.0
69,Cl-Os,1,2.881204377402753,2.881204377402753,,2.881204377402753,2.881204377402753,0.0,2.881204377402753,2.881204377402753,0.0
70,Cl-Pb,2,5.088442583135312,5.088442583135312,0.22691333120139132,4.927990627901179,5.248894538369445,0.3209039104682656,5.008216605518246,5.168668560752378,0.16045195523413192
71,Cl-Pd,1,2.5115507171848623,2.5115507171848623,,2.5115507171848623,2.5115507171848623,0.0,2.5115507171848623,2.5115507171848623,0.0
72,Cl-Pt,1,2.3695563076668535,2.3695563076668535,,2.3695563076668535,2.3695563076668535,0.0,2.3695563076668535,2.3695563076668535,0.0
73,Cl-Ru,2,1.9578013887208439,1.9578013887208439,0.9426676834126589,1.2912346773743393,2.6243681000673487,1.3331334226930094,1.6245180330475917,2.2910847443940963,0.6665667113465046
74,Cl-S,6,2.8043243543629663,2.863810234918592,0.18478709783385402,2.5273674606070293,2.9797205647901945,0.4523531041831652,2.6810709339752323,2.944262406691606,0.26319147271637355
75,Cl-Sb,6,2.597361356640542,2.5235095527473215,0.25956055512222714,2.3503167851553193,2.9479754072600457,0.5976586221047264,2.3877639514324915,2.803133456391101,0.41536950495860925
76,Cl-Se,6,2.5764370194844055,2.5862036760940983,0.2493497421721035,2.2022777939165263,2.856423867293686,0.6541460733771598,2.4429637099443564,2.770772955733711,0.32780924578935444
77,Cl-Sn,2,4.662565069151999,4.662565069151999,0.15524283240204173,4.552791809629908,4.772338328674088,0.21954651904418032,4.607678439390953,4.7174516989130435,0.1097732595220906
78,Cl-Sr,2,8.992316847134761,8.992316847134761,0.7204656230198886,8.482870719485607,9.501762974783915,1.018892255298308,8.737593783310185,9.247039910959337,0.5094461276491522
79,Cl-Te,6,2.157397557546186,2.2768877187429446,0.3719109576482505,1.6758524104962518,2.59602796221676,0.9201755517205081,1.853087083411638,2.3744039272684963,0.5213168438568583
80,Cl-Ti,3,1.497223895523559,1.472509382204579,0.12864059835831693,1.3827336131074317,1.6364286912586663,0.2536950781512346,1.4276214976560053,1.5544690367316227,0.1268475390756174
81,Cl-V,1,3.4585896552511963,3.4585896552511963,,3.4585896552511963,3.4585896552511963,0.0,3.4585896552511963,3.4585896552511963,0.0
82,Cl-Y,1,1.8521282846701212,1.8521282846701212,,1.8521282846701212,1.8521282846701212,0.0,1.8521282846701212,1.8521282846701212,0.0
83,Cl-Zn,2,6.8402434908235215,6.8402434908235215,0.8467930330831125,6.241470394868928,7.4390165867781155,1.1975461919091872,6.540856942846225,7.139630038800819,0.598773095954594
84,Cl-Zr,3,1.8715204157609904,1.8777746550154282,0.12435627038111711,1.7441550357160858,1.9926315565514572,0.24847652083537142,1.810964845365757,1.9352031057834427,0.12423826041768571
85,Cr-O,1,1.2304957578581073,1.2304957578581073,,1.2304957578581073,1.2304957578581073,0.0,1.2304957578581073,1.2304957578581073,0.0
86,Cr-S,3,1.1465875749839953,1.2944246506512027,0.3968561892485034,0.6970322654699952,1.448305808830788,0.7512735433607929,0.995728458060599,1.3713652297409955,0.37563677168039655
87,Cr-Se,3,1.1443948958151458,1.1650582430938503,0.1613568039570815,0.9737017937003845,1.2944246506512027,0.32072285695081826,1.0693800183971174,1.2297414468725265,0.16036142847540913
88,Cr-Te,3,0.8275666130501026,0.8119657799799282,0.13899297268987781,0.6970322654699952,0.9737017937003845,0.27666952823038926,0.7544990227249617,0.8928337868401564,0.13833476411519463
89,Cu-I,1,3.5038944553919844,3.5038944553919844,,3.5038944553919844,3.5038944553919844,0.0,3.5038944553919844,3.5038944553919844,0.0
90,Cu-S,1,1.5839892840258991,1.5839892840258991,,1.5839892840258991,1.5839892840258991,0.0,1.5839892840258991,1.5839892840258991,0.0
91,F-Ge,1,0.350082536941299,0.350082536941299,,0.350082536941299,0.350082536941299,0.0,0.350082536941299,0.350082536941299,0.0
92,F-Si,1,2.3327620780818847,2.3327620780818847,,2.3327620780818847,2.3327620780818847,0.0,2.3327620780818847,2.3327620780818847,0.0
93,Ga-N,1,4.465219885174571,4.465219885174571,,4.465219885174571,4.465219885174571,0.0,4.465219885174571,4.465219885174571,0.0
94,Ga-O,1,3.8514748749556778,3.8514748749556778,,3.8514748749556778,3.8514748749556778,0.0,3.8514748749556778,3.8514748749556778,0.0
95,Ga-P,1,3.273229845836038,3.273229845836038,,3.273229845836038,3.273229845836038,0.0,3.273229845836038,3.273229845836038,0.0
96,Ga-S,1,4.084380938505257,4.084380938505257,,4.084380938505257,4.084380938505257,0.0,4.084380938505257,4.084380938505257,0.0
97,Ga-Se,1,3.444993082038482,3.444993082038482,,3.444993082038482,3.444993082038482,0.0,3.444993082038482,3.444993082038482,0.0
98,Ga-Te,1,2.617097678288353,2.617097678288353,,2.617097678288353,2.617097678288353,0.0,2.617097678288353,2.617097678288353,0.0
99,Ge-H,1,2.35348848688352,2.35348848688352,,2.35348848688352,2.35348848688352,0.0,2.35348848688352,2.35348848688352,0.0
100,Ge-I,1,3.3475638538983996,3.3475638538983996,,3.3475638538983996,3.3475638538983996,0.0,3.3475638538983996,3.3475638538983996,0.0
101,Ge-O,2,6.065128806840413,6.065128806840413,1.3540430152857885,5.107675808713552,7.022581804967274,1.9149059962537223,5.586402307776982,6.543855305903843,0.9574529981268611
102,Ge-S,2,2.6481301258827346,2.6481301258827346,0.5404403826179583,2.265981066506524,3.0302791852589452,0.7642981187524214,2.457055596194629,2.83920465557084,0.3821490593762107
103,Ge-Se,1,1.8614327914429276,1.8614327914429276,,1.8614327914429276,1.8614327914429276,0.0,1.8614327914429276,1.8614327914429276,0.0
104,Ge-Te,1,1.2859977313054745,1.2859977313054745,,1.2859977313054745,1.2859977313054745,0.0,1.2859977313054745,1.2859977313054745,0.0
105,H-Si,1,3.8333651720593527,3.8333651720593527,,3.8333651720593527,3.8333651720593527,0.0,3.8333651720593527,3.8333651720593527,0.0
106,H-Sn,1,1.0427597920880034,1.0427597920880034,,1.0427597920880034,1.0427597920880034,0.0,1.0427597920880034,1.0427597920880034,0.0
107,Hf-I,3,1.6052424971883192,1.61179456060003,0.1812173315224972,1.4208379914842508,1.783094939480677,0.36225694799642616,1.5163162760421405,1.6974447500403533,0.18112847399821286
108,Hf-O,2,6.319362654969105,6.319362654969105,2.289963272259437,4.700114096486321,7.938611213451889,3.2384971169655676,5.509738375727713,7.128986934210497,1.6192485584827834
109,Hf-S,4,2.5288473678363133,2.500973254294907,0.41059324295800775,2.1754549854047704,2.9379879773506685,0.7625329919458981,2.1754549854047704,2.85436563672645,0.6789106513216794
110,Hf-Se,5,1.79837716722621,2.1152631792209284,0.6142091170926559,0.7381401600978664,2.1754549854047704,1.437314825306904,1.7875725260027142,2.1754549854047704,0.38788245940205623
111,Hf-Te,2,0.7733684877330548,0.7733684877330548,0.04982037872140627,0.7381401600978664,0.8085968153682431,0.0704566552703767,0.7557543239154606,0.790982651550649,0.03522832763518835
112,Hg-I,2,2.3316750133260227,2.3316750133260227,0.3714210169702822,2.0690406935511327,2.594309333100913,0.5252686395497803,2.200357853438578,2.462992173213468,0.26263431977488993
113,I-Mg,2,5.332530834871051,5.332530834871051,0.5818831181590373,4.921077336162822,5.743984333579279,0.8229069974164567,5.126804085516937,5.538257584225165,0.41145349870822834
114,I-Os,1,2.234861972170756,2.234861972170756,,2.234861972170756,2.234861972170756,0.0,2.234861972170756,2.234861972170756,0.0
115,I-Pb,2,3.2809394467420825,3.2809394467420825,0.08038660513751096,3.224097533132783,3.3377813603513817,0.11368382721859893,3.2525184899374326,3.309360403546732,0.056841913609299244
116,I-Ru,1,1.9877434408213337,1.9877434408213337,,1.9877434408213337,1.9877434408213337,0.0,1.9877434408213337,1.9877434408213337,0.0
117,I-S,6,1.8824773182606824,1.9255248351982797,0.4561655299367836,1.094800795180379,2.355958357641004,1.261157562460625,1.7519617012998066,2.2055920310589476,0.4536303297591411
118,I-Sb,6,1.914161594239063,1.8883808490315444,0.20734485399343172,1.6763317600369703,2.2601299379992303,0.5837981779622601,1.7859081447822525,1.9870919067348367,0.20118376195258425
119,I-Se,6,1.7916655371082417,1.869742916578808,0.27611664859847557,1.3002271488650992,2.0296108495293725,0.7293837006642734,1.708281594877589,1.9870919067348367,0.2788103118572478
120,I-Sn,2,3.321917687499581,3.321917687499581,0.014427621582131412,3.3117158184424627,3.3321195565566994,0.02040373811423679,3.3168167529710217,3.3270186220281404,0.010201869057118618
121,I-Sr,1,6.197786550948727,6.197786550948727,,6.197786550948727,6.197786550948727,0.0,6.197786550948727,6.197786550948727,0.0
122,I-Te,6,1.5267259107299989,1.5476759740670398,0.2737957372182203,1.0905866051847057,1.794577516976123,0.7039909117914174,1.4059942878454539,1.75272324475188,0.346728956906426
123,I-Ti,3,1.2238740247192932,1.1984760966647547,0.1478063570204502,1.0904123643856931,1.3827336131074317,0.2923212487217386,1.1444442305252238,1.2906048548860931,0.1461606243608693
124,I-Zn,2,3.1262303862332805,3.1262303862332805,0.6474225325055242,2.6684335232056564,3.5840272492609047,0.9155937260552482,2.8973319547194682,3.355128817747093,0.45779686302762457
125,I-Zr,3,1.5872404065322403,1.589703087995478,0.1581603502793765,1.4278630958851566,1.7441550357160858,0.3162919398309292,1.5087830919403173,1.666929061855782,0.1581459699154646
126,In-N,1,1.9140172880411677,1.9140172880411677,,1.9140172880411677,1.9140172880411677,0.0,1.9140172880411677,1.9140172880411677,0.0
127,In-O,1,1.8667499072839566,1.8667499072839566,,1.8667499072839566,1.8667499072839566,0.0,1.8667499072839566,1.8667499072839566,0.0
128,In-P,1,2.3002400918153736,2.3002400918153736,,2.3002400918153736,2.3002400918153736,0.0,2.3002400918153736,2.3002400918153736,0.0
129,In-S,1,3.148554795535873,3.148554795535873,,3.148554795535873,3.148554795535873,0.0,3.148554795535873,3.148554795535873,0.0
130,In-Sb,1,1.306965899549248,1.306965899549248,,1.306965899549248,1.306965899549248,0.0,1.306965899549248,1.306965899549248,0.0
131,In-Se,1,2.739825926660565,2.739825926660565,,2.739825926660565,2.739825926660565,0.0,2.739825926660565,2.739825926660565,0.0
132,In-Te,1,2.3619934395706057,2.3619934395706057,,2.3619934395706057,2.3619934395706057,0.0,2.3619934395706057,2.3619934395706057,0.0
133,Ir-O,1,0.23401017294961265,0.23401017294961265,,0.23401017294961265,0.23401017294961265,0.0,0.23401017294961265,0.23401017294961265,0.0
134,Ir-S,1,0.10810152882388446,0.10810152882388446,,0.10810152882388446,0.10810152882388446,0.0,0.10810152882388446,0.10810152882388446,0.0
135,Mn-O,1,3.191629277991421,3.191629277991421,,3.191629277991421,3.191629277991421,0.0,3.191629277991421,3.191629277991421,0.0
136,Mo-O,1,2.3167587021309046,2.3167587021309046,,2.3167587021309046,2.3167587021309046,0.0,2.3167587021309046,2.3167587021309046,0.0
137,Mo-S,3,2.2829770249121046,2.3279280396394992,0.27517297712860506,1.9880960806569,2.5329069544399143,0.5448108737830144,2.1580120601481996,2.4304174970397066,0.272405436891507
138,Mo-Se,3,2.0969134308391792,2.1190653734421043,0.24284950153300716,1.8437468794359342,2.3279280396394992,0.48418116020356505,1.9814061264390193,2.223496706540802,0.24209058010178253
139,Mo-Te,3,1.7981571805284187,1.8437468794359342,0.21636650317499959,1.5626285814924223,1.9880960806569,0.42546749916447757,1.7031877304641783,1.915921480046417,0.21273374958223878
140,Ni-O,1,2.3464667865218782,2.3464667865218782,,2.3464667865218782,2.3464667865218782,0.0,2.3464667865218782,2.3464667865218782,0.0
141,Ni-S,1,1.8677373886993,1.8677373886993,,1.8677373886993,1.8677373886993,0.0,1.8677373886993,1.8677373886993,0.0
142,O-Pb,1,2.994523412300276,2.994523412300276,,2.994523412300276,2.994523412300276,0.0,2.994523412300276,2.994523412300276,0.0
143,O-Pd,1,2.9030065367266014,2.9030065367266014,,2.9030065367266014,2.9030065367266014,0.0,2.9030065367266014,2.9030065367266014,0.0
144,O-Pt,1,3.5927850378282535,3.5927850378282535,,3.5927850378282535,3.5927850378282535,0.0,3.5927850378282535,3.5927850378282535,0.0
145,O-Sc,2,2.88767452423759,2.88767452423759,2.168195918836259,1.354528487087474,4.420820561387706,3.066292074300232,2.121101505662532,3.654247542812648,1.5331460371501158
146,O-Sn,2,4.1575077103859925,4.1575077103859925,1.8197294041332017,2.87076470879885,5.444250711973135,2.5734860031742848,3.5141362095924213,4.800879211179564,1.2867430015871424
147,O-Ti,2,4.833461402478095,4.833461402478095,1.2987194360123475,3.915128082414996,5.751794722541195,1.8366666401261993,4.374294742446546,5.292628062509645,0.9183333200630992
148,O-W,1,2.7062253623509047,2.7062253623509047,,2.7062253623509047,2.7062253623509047,0.0,2.7062253623509047,2.7062253623509047,0.0
149,O-Zr,2,6.0785621777953125,6.0785621777953125,2.324176599065773,4.435121143920816,7.722003211669808,3.2868820677489916,5.256841660858064,6.90028269473256,1.6434410338744962
150,Pb-S,2,1.9940683016617384,1.9940683016617384,0.32711651164998573,1.7627619980359452,2.2253746052875316,0.46261260725158637,1.8784151498488417,2.109721453474635,0.2313063036257934
151,Pb-Se,2,1.0057128215908204,1.0057128215908204,0.8727586257814542,0.38857927896170175,1.622846364219939,1.2342670852582374,0.6971460502762611,1.3142795929053799,0.6171335426291188
152,Pb-Te,1,1.246060092501092,1.246060092501092,,1.246060092501092,1.246060092501092,0.0,1.246060092501092,1.246060092501092,0.0
153,Pd-S,1,2.440632536986956,2.440632536986956,,2.440632536986956,2.440632536986956,0.0,2.440632536986956,2.440632536986956,0.0
154,Pd-Se,1,1.614912444190729,1.614912444190729,,1.614912444190729,1.614912444190729,0.0,1.614912444190729,1.614912444190729,0.0
155,Pt-S,1,2.9450723931526674,2.9450723931526674,,2.9450723931526674,2.9450723931526674,0.0,2.9450723931526674,2.9450723931526674,0.0
156,Pt-Se,1,2.380966208275626,2.380966208275626,,2.380966208275626,2.380966208275626,0.0,2.380966208275626,2.380966208275626,0.0
157,Pt-Te,1,1.242498167927923,1.242498167927923,,1.242498167927923,1.242498167927923,0.0,1.242498167927923,1.242498167927923,0.0
158,Rh-Se,1,0.30965291543775253,0.30965291543775253,,0.30965291543775253,0.30965291543775253,0.0,0.30965291543775253,0.30965291543775253,0.0
159,S-Sb,6,2.4477336233686375,2.512981405555372,0.38926190335742916,1.80907136015846,2.9479754072600457,1.1389040471015857,2.299922931008207,2.6341118930314096,0.3341889620232026
160,S-Sc,2,1.8740982968088018,1.8740982968088018,1.2302458925962025,1.00418308362713,2.7440135099904737,1.7398304263633437,1.439140690217966,2.3090559033996376,0.8699152131816716
161,S-Se,8,2.003881398081503,2.1904792875941026,0.4300374968725598,1.2944246506512027,2.3279280396394992,1.0335033889882965,1.9648549019113537,2.2325593654760287,0.26770446356467503
162,S-Si,1,2.8837959286969523,2.8837959286969523,,2.8837959286969523,2.8837959286969523,0.0,2.8837959286969523,2.8837959286969523,0.0
163,S-Sn,3,2.647080074701581,2.5028473533179536,0.44865650878435814,2.288278398597215,3.150114472189574,0.8618360735923591,2.395562875957584,2.826480912753764,0.43091803679617957
164,S-Te,4,1.371206006790041,1.3613773156052325,0.7575526140061196,0.6970322654699952,2.0650371304797037,1.3680048650097085,0.7252519792826726,2.0073313431126008,1.2820793638299282
165,S-Ti,2,1.7703046870755808,1.7703046870755808,0.6183649305565391,1.3330546514311035,2.207554722720058,0.8745000712889546,1.551679669253342,1.9889297048978194,0.4372500356444773
166,S-Tl,1,1.6440623837972739,1.6440623837972739,,1.6440623837972739,1.6440623837972739,0.0,1.6440623837972739,1.6440623837972739,0.0
167,S-V,1,0.36601747340687923,0.36601747340687923,,0.36601747340687923,0.36601747340687923,0.0,0.36601747340687923,0.36601747340687923,0.0
168,S-W,3,2.303723419563618,2.3137266925538102,0.23384517518743853,2.0650371304797037,2.53240643565734,0.4673693051776362,2.189381911516757,2.423066564105575,0.23368465258881788
169,S-Zr,5,2.1557700320301922,2.2055035897834347,0.8525333441229817,0.734658550553565,2.8850604558188024,2.1504019052652374,2.2055035897834347,2.7481239742117243,0.5426203844282895
170,Sb-Se,6,2.326108823104564,2.2836730349672685,0.3501460923980247,1.9676903379046289,2.856423867293686,0.8887335293890573,2.036066619289489,2.5296643958150433,0.49359777652555437
171,Sb-Te,6,2.0850125555727814,2.16140337030733,0.29947358280302583,1.6763317600369703,2.3824329746395554,0.7061012146025851,1.8511165492910893,2.3259630294717026,0.4748464801806134
172,Sc-Se,1,0.8509537469335193,0.8509537469335193,,0.8509537469335193,0.8509537469335193,0.0,0.8509537469335193,0.8509537469335193,0.0
173,Sc-Te,1,0.5559879681868525,0.5559879681868525,,0.5559879681868525,0.5559879681868525,0.0,0.5559879681868525,0.5559879681868525,0.0
174,Se-Si,1,2.4382604342451364,2.4382604342451364,,2.4382604342451364,2.4382604342451364,0.0,2.4382604342451364,2.4382604342451364,0.0
175,Se-Sn,2,1.770344203402816,1.770344203402816,0.20055791398658912,1.6285283424022705,1.9121600644033614,0.2836317220010909,1.6994362729025432,1.8412521339030887,0.14181586100054555
176,Se-Te,5,1.2502233579505553,0.9737017937003845,0.5290741359743267,0.7381401600978664,1.8437468794359342,1.1056067193380676,0.8951682024103098,1.8003597541082819,0.905191551697972
177,Se-Ti,2,1.4067904760659218,1.4067904760659218,0.10427820323132422,1.3330546514311035,1.48052630070074,0.14747164926963663,1.3699225637485126,1.443658388383331,0.07373582463481831
178,Se-Tl,1,1.3217043767413377,1.3217043767413377,,1.3217043767413377,1.3217043767413377,0.0,1.3217043767413377,1.3217043767413377,0.0
179,Se-V,2,0.37576499407132674,0.37576499407132674,0.27810539842366605,0.1791147809613659,0.5724152071812876,0.3933004262199217,0.2774398875163463,0.4740901006263072,0.1966502131099609
180,Se-W,3,2.0726671894789717,2.1039151217748224,0.25810604085687006,1.8003597541082819,2.3137266925538102,0.5133669384455284,1.9521374379415521,2.2088209071643163,0.2566834692227642
181,Se-Zr,5,1.8360149013633695,2.182697769346658,0.5699553198918961,0.8951682024103098,2.2055035897834347,1.310335387373125,1.69120135549301,2.2055035897834347,0.5143022342904247
182,Si-Te,1,0.7718439762387611,0.7718439762387611,,0.7718439762387611,0.7718439762387611,0.0,0.7718439762387611,0.7718439762387611,0.0
183,Sn-Te,1,1.0087943046814047,1.0087943046814047,,1.0087943046814047,1.0087943046814047,0.0,1.0087943046814047,1.0087943046814047,0.0
184,Te-Ti,1,0.411410799437653,0.411410799437653,,0.411410799437653,0.411410799437653,0.0,0.411410799437653,0.411410799437653,0.0
185,Te-V,2,2.274039314199828,2.274039314199828,2.4419370529580937,0.5473290648224665,4.000749563577189,3.453420498754723,1.410684189511147,3.1373944388885087,1.7267102493773616
186,Te-W,3,1.7473400844203717,1.8003597541082819,0.3472559443573727,1.3766233686731302,2.0650371304797037,0.6884137618065735,1.588491561390706,1.9326984422939928,0.34420688090328677
187,Te-Zr,4,0.8185275236670073,0.816523490448134,0.09510414023391507,0.734658550553565,0.9064045632181966,0.17174601266463163,0.7370737215028598,0.8979772926122815,0.16090357110942177
